cap-shape,cap-surface,cap-color,bruises,odor,gill-attachment,gill-spacing,gill-size,gill-color,stalk-shape,stalk-root,stalk-surface-above-ring,stalk-surface-below-ring,stalk-color-above-ring,stalk-color-below-ring,veil-type,veil-color,ring-number,ring-type,spore-print-color,population,habitat,actual,predicted,predicted_proba_poisonous
x,y,g,f,f,f,c,b,p,e,b,k,k,p,n,p,w,o,l,h,y,d,1,1,0.99977595
x,s,w,f,c,f,c,n,u,e,b,s,s,w,w,p,w,o,p,n,s,d,1,1,0.99927205
x,f,w,f,n,f,w,b,p,t,e,s,s,w,w,p,w,o,e,n,s,g,0,0,0.00010820092
f,s,e,f,f,f,c,n,b,t,,k,s,w,w,p,w,o,e,w,v,p,1,1,0.9999292
x,f,y,f,f,f,c,b,g,e,b,k,k,p,n,p,w,o,l,h,y,g,1,1,0.99977595
f,f,w,t,a,f,w,n,p,t,b,s,s,w,w,p,w,o,p,u,v,d,0,0,0.004413278
f,y,y,t,a,f,c,b,n,e,r,s,y,w,w,p,w,o,p,k,y,p,0,0,0.00091450475
f,f,n,f,n,f,w,b,k,t,e,f,f,w,w,p,w,o,e,n,s,g,0,0,0.000120784556
f,f,n,t,n,f,c,b,u,t,b,s,s,p,p,p,w,o,p,n,y,d,0,0,0.00010251723
f,s,w,t,p,f,c,n,w,e,e,s,s,w,w,p,w,o,p,k,v,g,1,1,0.9990578
f,y,y,f,f,f,c,b,g,e,b,k,k,p,n,p,w,o,l,h,y,p,1,1,0.99977726
f,y,g,f,f,f,c,b,g,e,b,k,k,b,b,p,w,o,l,h,y,g,1,1,0.99977726
f,y,g,t,n,f,c,b,n,t,b,s,s,w,g,p,w,o,p,k,v,d,0,0,0.000509773
f,y,e,t,n,f,c,b,n,t,b,s,s,w,g,p,w,o,p,k,y,d,0,0,0.000119043456
x,f,n,t,n,f,c,b,u,t,b,s,s,p,p,p,w,o,p,k,y,d,0,0,9.519362e-05
f,s,e,f,y,f,c,n,b,t,,s,s,p,p,p,w,o,e,w,v,p,1,1,0.99986553
f,y,g,f,f,f,c,b,g,e,b,k,k,p,n,p,w,o,l,h,v,g,1,1,0.99989367
x,f,g,f,n,f,w,b,g,e,,k,s,w,w,p,w,t,p,w,s,g,0,0,0.00070013903
f,y,g,t,n,f,c,b,n,t,b,s,s,p,g,p,w,o,p,n,v,d,0,0,0.00041324066
f,y,y,f,n,f,w,n,y,e,c,y,y,y,y,p,y,o,e,w,c,l,1,1,0.97512054
x,f,g,f,f,f,c,b,h,e,b,k,k,p,p,p,w,o,l,h,v,d,1,1,0.99989057
x,s,n,f,n,f,w,b,n,t,e,s,f,w,w,p,w,o,e,n,a,g,0,0,6.926528e-05
f,f,g,f,f,f,c,b,p,e,b,k,k,p,n,p,w,o,l,h,y,g,1,1,0.9997774
x,f,g,t,n,f,c,b,u,t,b,s,s,g,g,p,w,o,p,n,y,d,0,0,8.381314e-05
f,f,y,f,f,f,c,b,g,e,b,k,k,p,p,p,w,o,l,h,y,g,1,1,0.9997774
x,f,g,t,n,f,c,b,n,t,b,s,s,w,w,p,w,o,p,k,v,d,0,0,0.00040491534
x,y,n,f,f,f,c,n,b,t,,k,s,p,w,p,w,o,e,w,v,l,1,1,0.9999287
x,y,g,f,f,f,c,b,p,e,b,k,k,b,p,p,w,o,l,h,y,g,1,1,0.99977595
x,y,e,t,n,f,c,b,u,t,b,s,s,p,w,p,w,o,p,k,v,d,0,0,0.00041749998
f,y,e,f,y,f,c,n,b,t,,s,s,w,p,p,w,o,e,w,v,p,1,1,0.99986553
f,y,w,t,p,f,c,n,k,e,e,s,s,w,w,p,w,o,p,k,v,g,1,1,0.9987833
f,y,n,t,p,f,c,n,k,e,e,s,s,w,w,p,w,o,p,n,v,u,1,1,0.9982374
x,y,n,t,n,f,c,b,n,t,b,s,s,w,w,p,w,o,p,k,y,d,0,0,9.593769e-05
f,y,g,f,f,f,c,b,p,e,b,k,k,n,p,p,w,o,l,h,y,g,1,1,0.99977726
x,f,w,f,n,f,w,b,n,t,e,s,f,w,w,p,w,o,e,k,a,g,0,0,0.00011212189
x,s,w,f,n,f,w,b,p,t,e,f,s,w,w,p,w,o,e,n,a,g,0,0,0.00014676846
b,s,n,f,n,a,c,b,n,e,,s,s,o,o,p,o,o,p,y,v,l,0,0,0.00060470623
x,y,n,f,s,f,c,n,b,t,,k,k,w,p,p,w,o,e,w,v,l,1,1,0.9999188
b,y,y,t,a,f,c,b,g,e,c,s,s,w,w,p,w,o,p,n,n,m,0,0,0.0005654339
f,s,n,f,y,f,c,n,b,t,,s,s,p,p,p,w,o,e,w,v,p,1,1,0.99986553
f,s,n,f,n,f,w,b,p,t,e,s,f,w,w,p,w,o,e,k,s,g,0,0,7.764014e-05
b,s,w,t,a,f,c,b,g,e,c,s,s,w,w,p,w,o,p,n,n,m,0,0,0.0007350137
f,y,y,f,f,f,c,b,h,e,b,k,k,p,n,p,w,o,l,h,y,g,1,1,0.99977726
f,s,n,f,n,f,w,b,h,t,e,f,s,w,w,p,w,o,e,k,a,g,0,0,0.00012688662
f,y,e,t,n,f,c,b,p,t,b,s,s,w,g,p,w,o,p,n,y,d,0,0,0.00010331845
b,s,p,t,n,f,c,b,g,e,b,s,s,w,w,p,w,t,p,r,v,m,1,1,0.9914691
k,s,w,f,n,f,w,b,p,e,,k,s,w,w,p,w,t,p,w,n,g,0,0,0.0009585594
x,y,e,f,s,f,c,n,b,t,,s,s,w,w,p,w,o,e,w,v,l,1,1,0.9998647
f,s,w,t,l,f,w,n,n,t,b,s,s,w,w,p,w,o,p,u,v,d,0,0,0.007075333
x,s,n,f,n,a,c,b,o,e,,s,s,o,o,p,o,o,p,n,c,l,0,0,9.399044e-05
f,f,g,f,n,f,w,b,h,t,e,f,s,w,w,p,w,o,e,n,s,g,0,0,0.000120784556
x,s,w,t,p,f,c,n,k,e,e,s,s,w,w,p,w,o,p,n,s,g,1,1,0.9982894
f,y,y,t,a,f,c,b,n,e,r,s,y,w,w,p,w,o,p,n,y,p,0,0,0.0007288859
x,s,n,f,f,f,c,n,b,t,,s,s,w,p,p,w,o,e,w,v,d,1,1,0.9997949
x,s,e,f,f,f,c,n,b,t,,k,k,w,p,p,w,o,e,w,v,d,1,1,0.99992883
x,s,n,f,n,a,c,b,y,e,,s,s,o,o,p,o,o,p,o,v,l,0,0,0.0005046995
x,y,g,f,f,f,c,b,p,e,b,k,k,b,p,p,w,o,l,h,v,d,1,1,0.99989307
f,s,g,f,n,f,w,b,h,t,e,s,s,w,w,p,w,o,e,k,s,g,0,0,7.764014e-05
f,y,g,f,f,f,c,b,h,e,b,k,k,n,p,p,w,o,l,h,v,g,1,1,0.99989367
x,s,e,f,f,f,c,n,b,t,,k,s,p,w,p,w,o,e,w,v,d,1,1,0.9999287
f,s,n,f,s,f,c,n,b,t,,k,s,p,p,p,w,o,e,w,v,p,1,1,0.9999192
f,y,y,f,f,f,c,b,p,e,b,k,k,n,p,p,w,o,l,h,v,g,1,1,0.99989367
x,s,w,t,a,f,c,b,n,e,c,s,s,w,w,p,w,o,p,n,s,m,0,0,0.0007350137
f,y,g,f,f,f,c,b,h,e,b,k,k,b,p,p,w,o,l,h,v,p,1,1,0.99989367
x,y,y,f,f,f,c,b,p,e,b,k,k,n,n,p,w,o,l,h,v,d,1,1,0.99989307
x,f,e,t,n,f,c,b,p,t,b,s,s,w,p,p,w,o,p,k,y,d,0,0,9.519362e-05
x,f,n,t,n,f,c,b,n,t,b,s,s,w,p,p,w,o,p,n,v,d,0,0,0.00032768017
f,y,g,t,n,f,c,b,p,t,b,s,s,w,w,p,w,o,p,n,y,d,0,0,0.00010331845
x,f,g,t,n,f,c,b,p,t,b,s,s,g,p,p,w,o,p,k,v,d,0,0,0.00039847475
f,f,y,f,f,f,c,b,h,e,b,k,k,n,p,p,w,o,l,h,v,p,1,1,0.99989116
k,s,n,f,s,f,c,n,b,t,,k,k,w,p,p,w,o,e,w,v,d,1,1,0.99990857
k,y,n,f,s,f,c,n,b,t,,k,s,p,w,p,w,o,e,w,v,l,1,1,0.9999192
x,f,g,f,n,f,w,b,g,e,,k,k,w,w,p,w,t,p,w,s,g,0,0,0.0007090603
x,f,g,f,f,f,c,b,p,e,b,k,k,p,n,p,w,o,l,h,y,g,1,1,0.99977595
x,s,g,f,n,f,w,b,k,t,e,f,s,w,w,p,w,o,e,k,a,g,0,0,0.00011730238
x,y,e,t,n,f,c,b,w,t,b,s,s,w,g,p,w,o,p,n,v,d,0,0,0.0003558058
f,f,w,f,n,f,w,b,p,t,e,f,s,w,w,p,w,o,e,n,a,g,0,0,0.00015660112
f,f,n,f,n,f,c,n,k,e,e,s,s,w,w,p,w,o,p,k,v,u,0,0,0.002397535
b,f,g,f,n,f,w,b,g,e,,s,s,w,w,p,w,t,p,w,s,g,0,0,0.0002023294
f,y,e,f,y,f,c,n,b,t,,s,s,w,w,p,w,o,e,w,v,d,1,1,0.9997365
x,f,n,f,n,f,w,b,p,t,e,s,s,w,w,p,w,o,e,n,a,g,0,0,6.872813e-05
f,s,n,f,f,f,c,n,b,t,,s,k,p,p,p,w,o,e,w,v,l,1,1,0.9998822
k,s,g,f,n,f,w,b,g,e,,k,s,w,w,p,w,t,p,w,n,g,0,0,0.0007744742
f,s,w,t,f,f,c,b,p,t,b,f,s,w,w,p,w,o,p,h,s,u,1,1,0.9987025
x,y,e,f,f,f,c,n,b,t,,s,k,p,w,p,w,o,e,w,v,p,1,1,0.9998815
b,s,w,t,a,f,c,b,g,e,c,s,s,w,w,p,w,o,p,k,n,m,0,0,0.0008957163
f,s,e,f,f,f,c,n,b,t,,k,s,w,w,p,w,o,e,w,v,d,1,1,0.9999292
f,y,e,f,y,f,c,n,b,t,,s,s,p,w,p,w,o,e,w,v,d,1,1,0.9997365
b,y,w,t,a,f,c,b,n,e,c,s,s,w,w,p,w,o,p,n,s,g,0,0,0.0007069639
x,f,g,t,n,f,c,b,w,t,b,s,s,w,p,p,w,o,p,k,v,d,0,0,0.0004196327
x,y,n,t,n,f,c,b,p,t,b,s,s,w,p,p,w,o,p,n,y,d,0,0,8.446826e-05
x,s,n,f,y,f,c,n,b,t,,s,k,w,p,p,w,o,e,w,v,l,1,1,0.99986494
f,y,e,t,n,f,c,b,u,t,b,s,s,p,w,p,w,o,p,k,v,d,0,0,0.00051801157
b,s,b,t,n,f,c,b,g,e,b,s,s,w,w,p,w,t,p,r,v,g,1,1,0.9885554
x,s,n,f,n,a,c,b,o,e,,s,s,o,o,p,n,o,p,b,c,l,0,0,0.000100458965
x,f,p,f,c,f,w,n,p,e,b,s,s,w,w,p,w,o,p,n,v,d,1,1,0.9978331
f,y,n,t,n,f,c,b,e,e,,s,s,e,w,p,w,t,e,w,c,w,0,0,0.0012905907
f,y,e,f,s,f,c,n,b,t,,k,k,p,p,p,w,o,e,w,v,p,1,1,0.9999193
x,y,n,t,n,f,c,b,u,t,b,s,s,g,w,p,w,o,p,k,y,d,0,0,9.593769e-05
f,s,b,t,n,f,c,b,g,e,b,s,s,w,w,p,w,t,p,r,v,g,1,1,0.98635846
f,y,y,f,f,f,c,b,g,e,b,k,k,b,b,p,w,o,l,h,v,g,1,1,0.99989367
x,s,e,f,s,f,c,n,b,t,,s,k,w,p,p,w,o,e,w,v,p,1,1,0.99986494
k,s,b,t,n,f,c,b,w,e,,s,s,w,e,p,w,t,e,w,c,w,0,0,0.0013721968
x,s,n,t,p,f,c,n,p,e,e,s,s,w,w,p,w,o,p,k,s,g,1,1,0.9983891
f,f,w,f,n,f,w,b,p,t,e,f,f,w,w,p,w,o,e,k,a,g,0,0,0.00016323652
f,f,w,f,n,f,w,b,p,t,e,s,f,w,w,p,w,o,e,n,s,g,0,0,0.00011635235
x,y,w,t,l,f,c,b,n,e,c,s,s,w,w,p,w,o,p,k,n,m,0,0,0.0007972851
f,y,g,f,f,f,c,b,p,e,b,k,k,b,n,p,w,o,l,h,y,d,1,1,0.99977726
x,f,g,f,f,f,c,b,g,e,b,k,k,p,b,p,w,o,l,h,v,p,1,1,0.99989057
f,s,n,f,f,f,c,n,b,t,,s,s,p,p,p,w,o,e,w,v,p,1,1,0.999882
x,y,g,f,f,f,c,b,g,e,b,k,k,b,p,p,w,o,l,h,y,p,1,1,0.99977595
f,y,e,t,n,f,c,b,w,t,b,s,s,p,w,p,w,o,p,n,v,d,0,0,0.0004488285
x,s,y,t,l,f,w,n,w,t,b,s,s,w,w,p,w,o,p,n,v,d,0,0,0.0056555117
k,y,e,f,s,f,c,n,b,t,,s,s,p,w,p,w,o,e,w,v,d,1,1,0.9997365
f,y,n,f,f,f,c,n,b,t,,k,s,p,p,p,w,o,e,w,v,d,1,1,0.9999292
f,f,w,f,n,f,w,b,p,t,e,s,s,w,w,p,w,o,e,n,a,g,0,0,0.00011635235
f,s,g,f,n,f,w,b,h,t,e,f,s,w,w,p,w,o,e,k,a,g,0,0,0.00012688662
f,y,n,f,y,f,c,n,b,t,,k,s,p,p,p,w,o,e,w,v,p,1,1,0.9999192
x,s,n,f,n,a,c,b,n,e,,s,s,o,o,p,o,o,p,n,v,l,0,0,0.00044103363
x,y,e,f,f,f,c,n,b,t,,s,s,w,p,p,w,o,e,w,v,l,1,1,0.9998814
x,s,n,f,y,f,c,n,b,t,,k,k,w,w,p,w,o,e,w,v,p,1,1,0.9999188
x,s,g,t,f,f,c,b,p,t,b,s,s,w,w,p,w,o,p,h,v,g,1,1,0.9992367
f,s,n,f,n,a,c,b,y,e,,s,s,o,o,p,n,o,p,o,c,l,0,0,0.00010866684
f,s,w,t,p,f,c,n,k,e,e,s,s,w,w,p,w,o,p,k,v,u,1,1,0.9991041
k,y,e,f,s,f,c,n,b,t,,k,s,p,p,p,w,o,e,w,v,d,1,1,0.99990845
f,f,e,t,n,f,c,b,u,t,b,s,s,p,w,p,w,o,p,k,v,d,0,0,0.0005023987
x,s,n,f,f,f,c,n,b,t,,k,s,w,p,p,w,o,e,w,v,d,1,1,0.9999287
f,s,n,f,n,a,c,b,o,e,,s,s,o,o,p,o,o,p,y,c,l,0,0,0.00010866684
x,f,w,f,c,f,c,n,g,e,b,s,s,w,w,p,w,o,p,n,v,d,1,1,0.9991142
f,s,n,f,f,f,c,n,b,t,,k,k,w,p,p,w,o,e,w,v,d,1,1,0.9999293
f,s,w,f,n,f,w,b,h,t,e,s,f,w,w,p,w,o,e,n,s,g,0,0,0.000117261785
f,f,g,t,n,f,c,b,n,t,b,s,s,w,p,p,w,o,p,n,v,d,0,0,0.0004007843
k,s,n,f,y,f,c,n,b,t,,k,s,p,w,p,w,o,e,w,v,p,1,1,0.9999192
f,y,g,f,f,f,c,b,g,e,b,k,k,n,b,p,w,o,l,h,y,p,1,1,0.99977726
f,s,n,f,s,f,c,n,b,t,,s,s,w,w,p,w,o,e,w,v,p,1,1,0.99986553
f,f,g,f,f,f,c,b,h,e,b,k,k,n,b,p,w,o,l,h,y,g,1,1,0.9997774
f,y,n,f,y,f,c,n,b,t,,k,k,p,p,p,w,o,e,w,v,l,1,1,0.9999193
b,y,y,t,a,f,c,b,g,e,c,s,s,w,w,p,w,o,p,k,s,m,0,0,0.000689086
f,f,g,t,n,f,c,b,u,t,b,s,s,g,w,p,w,o,p,n,v,d,0,0,0.00040726224
x,s,w,t,p,f,c,n,w,e,e,s,s,w,w,p,w,o,p,k,s,g,1,1,0.9986167
f,s,w,t,f,f,c,b,h,t,b,f,s,w,w,p,w,o,p,h,s,u,1,1,0.9987025
k,s,e,f,y,f,c,n,b,t,,k,k,w,p,p,w,o,e,w,v,d,1,1,0.99990857
x,y,e,t,n,f,c,b,u,t,b,s,s,p,p,p,w,o,p,n,y,d,0,0,8.446826e-05
f,f,y,t,l,f,w,n,w,t,b,s,s,w,w,p,w,o,p,u,v,d,0,0,0.0035972088
x,y,e,t,n,f,c,b,w,e,,s,s,w,w,p,w,t,e,w,c,w,0,0,0.0010641271
x,y,y,t,l,f,c,b,k,e,c,s,s,w,w,p,w,o,p,k,n,g,0,0,0.0007026671
f,y,y,f,f,f,c,b,h,e,b,k,k,b,n,p,w,o,l,h,y,p,1,1,0.99977726
f,f,e,t,n,f,c,b,n,t,b,s,s,p,g,p,w,o,p,k,v,d,0,0,0.0004944083
b,s,w,t,l,f,c,b,n,e,c,s,s,w,w,p,w,o,p,k,s,m,0,0,0.00088268664
k,y,e,f,f,f,c,n,b,t,,k,s,p,w,p,w,o,e,w,v,p,1,1,0.9999292
b,f,g,f,n,f,w,b,p,e,,k,s,w,w,p,w,t,p,w,n,g,0,0,0.0008253759
x,f,n,t,n,f,c,b,n,t,b,s,s,w,w,p,w,o,p,n,y,d,0,0,8.381314e-05
f,y,g,t,n,f,c,b,w,t,b,s,s,g,p,p,w,o,p,k,y,d,0,0,0.0001272415
f,y,r,f,n,f,c,n,u,e,,s,f,w,w,p,w,o,f,h,v,d,0,0,0.002055035
x,s,n,t,p,f,c,n,k,e,e,s,s,w,w,p,w,o,p,n,v,g,1,1,0.9984994
f,y,e,t,n,f,c,b,n,t,b,s,s,p,g,p,w,o,p,k,y,d,0,0,0.000119043456
k,f,w,f,n,f,w,b,w,e,,s,k,w,w,p,w,t,p,w,s,g,0,0,0.00030360057
f,f,y,f,f,f,c,b,p,e,b,k,k,n,n,p,w,o,l,h,y,g,1,1,0.9997774
f,f,g,t,n,f,c,b,p,t,b,s,s,w,p,p,w,o,p,k,v,d,0,0,0.0004944083
x,s,b,t,f,f,c,b,w,t,b,s,f,w,w,p,w,o,p,h,s,u,1,1,0.997938
x,y,e,f,f,f,c,n,b,t,,s,k,p,p,p,w,o,e,w,v,l,1,1,0.9998815
f,s,n,f,n,a,c,b,n,e,,s,s,o,o,p,o,o,p,b,v,l,0,0,0.00054591784
x,s,w,t,a,f,w,n,p,t,b,s,s,w,w,p,w,o,p,u,v,d,0,0,0.008073615
f,f,y,f,f,f,c,b,g,e,b,k,k,b,b,p,w,o,l,h,v,p,1,1,0.99989116
x,y,y,f,f,f,c,b,g,e,b,k,k,p,b,p,w,o,l,h,v,p,1,1,0.99989307
f,f,g,f,n,f,w,b,k,t,e,f,s,w,w,p,w,o,e,k,s,g,0,0,0.00012590254
b,f,w,f,n,f,w,b,g,e,,k,k,w,w,p,w,t,p,w,n,g,0,0,0.00096754025
f,f,g,t,n,f,c,b,p,t,b,s,s,w,w,p,w,o,p,k,y,d,0,0,0.00011812031
x,s,n,f,y,f,c,n,b,t,,s,s,p,p,p,w,o,e,w,v,p,1,1,0.9998647
x,y,w,t,l,f,c,b,g,e,c,s,s,w,w,p,w,o,p,k,s,m,0,0,0.0007972851
f,s,g,f,n,f,w,b,h,t,e,s,f,w,w,p,w,o,e,n,a,g,0,0,7.448388e-05
x,y,g,f,f,f,c,b,p,e,b,k,k,n,b,p,w,o,l,h,v,p,1,1,0.99989307
f,y,e,t,n,f,c,b,p,t,b,s,s,g,g,p,w,o,p,k,v,d,0,0,0.000509773
f,y,n,f,y,f,c,n,b,t,,k,k,p,p,p,w,o,e,w,v,d,1,1,0.99990857
k,s,n,f,s,f,c,n,b,t,,s,k,p,p,p,w,o,e,w,v,l,1,1,0.9998658
f,y,g,f,f,f,c,b,h,e,b,k,k,n,b,p,w,o,l,h,y,p,1,1,0.99977726
f,s,n,f,y,f,c,n,b,t,,s,s,w,p,p,w,o,e,w,v,d,1,1,0.9997365
x,y,e,f,f,f,c,n,b,t,,s,k,p,p,p,w,o,e,w,v,p,1,1,0.9998815
x,f,e,t,n,f,c,b,u,t,b,s,s,g,p,p,w,o,p,n,y,d,0,0,8.381314e-05
x,y,g,t,n,f,c,b,p,t,b,s,s,p,p,p,w,o,p,n,v,d,0,0,0.00033786488
k,y,n,f,s,f,c,n,b,t,,k,s,p,p,p,w,o,e,w,v,p,1,1,0.9999192
x,y,y,f,f,f,c,b,g,e,b,k,k,b,p,p,w,o,l,h,y,d,1,1,0.99977595
k,s,w,f,n,f,w,b,g,e,,s,s,w,w,p,w,t,p,w,n,g,0,0,0.0003005688
x,s,e,f,s,f,c,n,b,t,,s,s,p,p,p,w,o,e,w,v,l,1,1,0.9998647
b,s,w,t,a,f,c,b,w,e,c,s,s,w,w,p,w,o,p,k,s,m,0,0,0.0008957163
f,s,g,t,f,f,c,b,w,t,b,f,f,w,w,p,w,o,p,h,s,u,1,1,0.99869066
b,s,y,t,a,f,c,b,k,e,c,s,s,w,w,p,w,o,p,n,n,g,0,0,0.00066489103
x,f,n,t,n,f,c,b,u,t,b,s,s,w,g,p,w,o,p,n,y,d,0,0,8.381314e-05
f,y,y,t,l,f,c,b,p,e,r,s,y,w,w,p,w,o,p,n,s,p,0,0,0.00069947884
f,y,u,f,n,f,c,n,h,e,,s,f,w,w,p,w,o,f,h,y,d,0,0,0.0016975995
x,y,g,f,f,f,c,b,g,e,b,k,k,b,b,p,w,o,l,h,y,p,1,1,0.99977595
x,y,n,f,s,f,c,n,b,t,,s,k,p,p,p,w,o,e,w,v,d,1,1,0.9997354
f,f,n,t,n,f,c,b,w,t,b,s,s,p,g,p,w,o,p,k,v,d,0,0,0.0005284423
x,f,g,t,n,f,c,b,n,t,b,s,s,w,p,p,w,o,p,n,y,d,0,0,8.381314e-05
x,y,e,f,f,f,c,n,b,t,,s,s,p,w,p,w,o,e,w,v,p,1,1,0.9998814
f,y,e,t,n,f,c,b,w,t,b,s,s,w,w,p,w,o,p,k,y,d,0,0,0.0001272415
f,y,y,f,f,f,c,b,p,e,b,k,k,p,n,p,w,o,l,h,y,p,1,1,0.99977726
k,y,c,f,n,f,w,n,w,e,b,f,s,w,n,p,w,o,e,w,v,l,0,0,0.029872326
f,y,c,f,n,f,w,n,w,e,b,f,s,w,n,p,w,o,e,w,v,l,0,0,0.029872326
b,s,w,t,a,f,c,b,n,e,c,s,s,w,w,p,w,o,p,n,n,m,0,0,0.0007350137
f,s,n,f,y,f,c,n,b,t,,k,k,w,w,p,w,o,e,w,v,p,1,1,0.9999193
f,f,g,f,f,f,c,b,g,e,b,k,k,p,b,p,w,o,l,h,v,d,1,1,0.99989116
x,s,y,t,a,f,c,b,g,e,c,s,s,w,w,p,w,o,p,n,n,m,0,0,0.0006058857
x,y,g,t,n,f,c,b,u,t,b,s,s,w,g,p,w,o,p,k,y,d,0,0,9.593769e-05
x,s,w,f,n,f,w,b,p,t,e,s,s,w,w,p,w,o,e,n,a,g,0,0,0.00010904654
x,f,n,f,n,f,w,b,n,t,e,f,s,w,w,p,w,o,e,n,s,g,0,0,0.00011232243
b,f,g,f,n,f,w,b,w,e,,k,k,w,w,p,w,t,p,w,s,g,0,0,0.00087746454
k,y,e,f,m,a,c,b,y,e,c,k,y,c,c,p,w,n,n,w,c,d,1,1,0.9979656
x,f,w,f,c,f,c,n,u,e,b,s,s,w,w,p,w,o,p,k,s,d,1,1,0.99923205
f,y,y,t,a,f,c,b,p,e,r,s,y,w,w,p,w,o,p,k,y,p,0,0,0.00091450475
x,f,g,f,f,f,c,b,g,e,b,k,k,n,n,p,w,o,l,h,v,d,1,1,0.99989057
x,y,n,f,n,f,w,n,w,e,b,s,f,w,n,p,w,o,e,w,v,l,0,0,0.00572389
k,y,e,f,f,f,c,n,b,t,,k,s,p,p,p,w,o,e,w,v,d,1,1,0.9999292
f,f,g,f,f,f,c,b,p,e,b,k,k,b,p,p,w,o,l,h,v,d,1,1,0.99989116
f,f,n,t,n,f,c,b,n,t,b,s,s,w,p,p,w,o,p,k,y,d,0,0,0.00011812031
f,y,n,t,n,f,c,b,n,t,b,s,s,g,g,p,w,o,p,n,y,d,0,0,0.00010331845
b,y,w,t,n,f,w,n,w,e,b,s,s,w,w,p,w,o,p,w,c,l,1,1,0.9303738
k,s,e,f,f,f,c,n,b,t,,k,s,w,w,p,w,o,e,w,v,d,1,1,0.9999292
k,s,n,f,n,a,c,b,n,e,,s,s,o,o,p,n,o,p,b,c,l,0,0,0.00010866684
b,s,n,f,n,a,c,b,o,e,,s,s,o,o,p,o,o,p,n,v,l,0,0,0.0005253224
x,y,g,f,f,f,c,b,h,e,b,k,k,n,p,p,w,o,l,h,y,g,1,1,0.99977595
f,y,w,t,p,f,c,n,k,e,e,s,s,w,w,p,w,o,p,k,s,g,1,1,0.99823916
f,f,g,t,n,f,c,b,w,t,b,s,s,p,g,p,w,o,p,k,v,d,0,0,0.0005284423
x,f,g,f,n,f,w,b,k,t,e,s,s,w,w,p,w,o,e,n,a,g,0,0,6.872813e-05
x,s,w,t,a,f,w,n,w,t,b,s,s,w,w,p,w,o,p,n,v,d,0,0,0.0064788796
x,f,y,f,f,f,c,b,h,e,b,k,k,b,p,p,w,o,l,h,y,p,1,1,0.99977595
x,s,n,f,s,f,c,n,b,t,,s,s,p,w,p,w,o,e,w,v,d,1,1,0.99973494
f,y,g,f,f,f,c,b,g,e,b,k,k,n,n,p,w,o,l,h,v,p,1,1,0.99989367
x,s,g,t,f,f,c,b,w,t,b,f,s,w,w,p,w,o,p,h,v,u,1,1,0.99945813
f,y,n,f,n,f,w,n,w,e,b,f,s,w,n,p,w,o,e,w,v,l,0,0,0.02433314
k,s,n,f,f,f,c,n,b,t,,s,s,p,p,p,w,o,e,w,v,l,1,1,0.999882
f,f,e,t,n,f,c,b,p,t,b,s,s,p,g,p,w,o,p,n,y,d,0,0,0.00010251723
k,s,n,f,n,a,c,b,n,e,,s,s,o,o,p,n,o,p,n,v,l,0,0,0.0004742479
x,y,e,t,n,f,c,b,u,t,b,s,s,p,p,p,w,o,p,k,v,d,0,0,0.00041085933
x,s,e,f,y,f,c,n,b,t,,s,s,w,w,p,w,o,e,w,v,l,1,1,0.9998647
f,y,g,f,f,f,c,b,h,e,b,k,k,b,p,p,w,o,l,h,v,d,1,1,0.99989367
x,f,n,f,n,f,w,b,h,t,e,s,f,w,w,p,w,o,e,k,a,g,0,0,7.121879e-05
b,s,y,t,a,f,c,b,w,e,c,s,s,w,w,p,w,o,p,k,s,m,0,0,0.0007383768
x,y,n,t,n,f,c,b,n,t,b,s,s,g,g,p,w,o,p,k,y,d,0,0,9.593769e-05
f,f,n,f,n,f,c,n,g,e,e,s,s,w,w,p,w,o,p,k,y,u,0,0,0.0014936101
x,y,g,f,f,f,c,b,g,e,b,k,k,b,b,p,w,o,l,h,y,d,1,1,0.99977595
x,s,g,f,n,f,w,b,h,t,e,f,f,w,w,p,w,o,e,n,s,g,0,0,0.000113200265
x,y,e,f,s,f,c,n,b,t,,s,k,w,p,p,w,o,e,w,v,p,1,1,0.99986494
f,y,g,t,n,f,c,b,p,t,b,s,s,p,g,p,w,o,p,k,v,d,0,0,0.000509773
x,s,g,f,n,f,w,b,k,t,e,f,s,w,w,p,w,o,e,n,a,g,0,0,0.000113200265
x,f,y,f,f,f,c,b,h,e,b,k,k,b,n,p,w,o,l,h,v,p,1,1,0.99989057
x,f,y,f,f,f,c,b,p,e,b,k,k,p,n,p,w,o,l,h,v,d,1,1,0.99989057
x,s,n,f,y,f,c,n,b,t,,k,k,p,w,p,w,o,e,w,v,l,1,1,0.9999188
x,y,n,t,n,f,c,b,u,t,b,s,s,p,w,p,w,o,p,k,v,d,0,0,0.00041749998
b,s,n,f,n,a,c,b,n,e,,s,s,o,o,p,n,o,p,b,c,l,0,0,0.00012037453
b,s,w,t,l,f,c,b,n,e,c,s,s,w,w,p,w,o,p,n,n,m,0,0,0.00072431995
f,s,w,t,p,f,c,n,k,e,e,s,s,w,w,p,w,o,p,k,s,g,1,1,0.9986364
k,s,w,f,n,f,w,b,g,e,,k,k,w,w,p,w,t,p,w,s,g,0,0,0.00097077026
b,y,b,t,n,f,c,b,g,e,b,s,s,w,w,p,w,t,p,r,v,m,1,1,0.99150604
f,y,p,t,n,f,c,b,e,e,,s,s,w,e,p,w,t,e,w,c,w,0,0,0.001312322
f,y,e,f,f,f,c,n,b,t,,k,s,w,p,p,w,o,e,w,v,d,1,1,0.9999292
x,f,g,f,f,f,c,b,g,e,b,k,k,p,b,p,w,o,l,h,y,g,1,1,0.99977595
f,f,e,t,n,f,c,b,w,t,b,s,s,g,g,p,w,o,p,k,y,d,0,0,0.00012625467
f,y,e,f,f,f,c,n,b,t,,k,k,p,p,p,w,o,e,w,v,l,1,1,0.9999293
f,y,n,f,y,f,c,n,b,t,,k,s,w,p,p,w,o,e,w,v,l,1,1,0.9999192
f,y,g,t,n,f,c,b,w,t,b,s,s,p,p,p,w,o,p,n,v,d,0,0,0.00044168974
x,y,n,f,f,f,c,n,b,t,,s,s,p,w,p,w,o,e,w,v,d,1,1,0.9997949
f,f,g,t,n,f,c,b,w,t,b,s,s,g,g,p,w,o,p,k,v,d,0,0,0.0005284423
f,y,g,t,n,f,c,b,w,t,b,s,s,g,p,p,w,o,p,k,v,d,0,0,0.0005448641
f,y,w,t,p,f,c,n,p,e,e,s,s,w,w,p,w,o,p,n,v,g,1,1,0.998336
x,f,e,t,n,f,c,b,w,t,b,s,s,p,p,p,w,o,p,n,v,d,0,0,0.00034508013
x,y,y,f,n,f,c,n,w,e,,k,y,w,n,p,w,o,e,w,v,d,1,1,0.9890288
x,f,w,f,c,f,w,n,n,e,b,s,s,w,w,p,w,o,p,k,v,d,1,1,0.9984047
k,s,e,f,s,f,c,n,b,t,,s,s,p,w,p,w,o,e,w,v,p,1,1,0.99986553
x,f,y,f,f,f,c,b,g,e,b,k,k,b,b,p,w,o,l,h,v,g,1,1,0.99989057
x,s,w,f,c,f,c,n,u,e,b,s,s,w,w,p,w,o,p,k,v,d,1,1,0.9994672
x,f,n,t,n,f,c,b,u,t,b,s,s,g,p,p,w,o,p,k,v,d,0,0,0.00039847475
f,y,g,t,n,f,c,b,w,t,b,s,s,w,g,p,w,o,p,n,v,d,0,0,0.00044168974
x,f,e,t,n,f,c,b,n,t,b,s,s,w,w,p,w,o,p,k,v,d,0,0,0.00040491534
f,f,y,f,n,f,c,n,w,e,,k,y,w,y,p,w,o,e,w,v,d,1,1,0.99096805
k,s,e,f,f,f,c,n,b,t,,s,s,p,p,p,w,o,e,w,v,d,1,1,0.9997961
x,f,g,t,n,f,c,b,u,t,b,s,s,g,w,p,w,o,p,n,y,d,0,0,8.381314e-05
f,f,y,f,f,f,c,b,h,e,b,k,k,b,p,p,w,o,l,h,y,g,1,1,0.9997774
x,y,e,f,f,f,c,n,b,t,,s,s,p,p,p,w,o,e,w,v,d,1,1,0.9997949
x,s,y,t,a,f,c,b,g,e,c,s,s,w,w,p,w,o,p,n,s,g,0,0,0.00066489103
f,y,g,t,n,f,c,b,w,t,b,s,s,g,p,p,w,o,p,n,v,d,0,0,0.00044168974
x,f,e,t,n,f,c,b,u,t,b,s,s,w,w,p,w,o,p,k,v,d,0,0,0.00040491534
f,y,e,t,n,f,c,b,u,t,b,s,s,p,p,p,w,o,p,k,y,d,0,0,0.000119043456
x,f,g,f,n,f,w,b,h,t,e,s,s,w,w,p,w,o,e,k,s,g,0,0,7.121879e-05
x,f,y,f,f,f,c,b,h,e,b,k,k,b,b,p,w,o,l,h,v,g,1,1,0.99989057
b,s,n,f,n,a,c,b,y,e,,s,s,o,o,p,n,o,p,b,v,l,0,0,0.00060470623
x,y,n,t,n,f,c,b,p,t,b,s,s,w,w,p,w,o,p,n,y,d,0,0,8.446826e-05
x,s,g,f,n,f,w,b,k,t,e,f,f,w,w,p,w,o,e,n,s,g,0,0,0.000113200265
f,s,n,f,s,f,c,n,b,t,,k,k,w,w,p,w,o,e,w,v,l,1,1,0.9999193
x,f,g,t,n,f,c,b,u,t,b,s,s,w,p,p,w,o,p,k,y,d,0,0,9.519362e-05
x,s,p,f,c,f,c,n,u,e,b,s,s,w,w,p,w,o,p,n,s,d,1,1,0.9991862
x,y,g,f,f,f,c,b,p,e,b,k,k,n,n,p,w,o,l,h,v,p,1,1,0.99989307
x,y,e,t,n,f,c,b,n,t,b,s,s,p,p,p,w,o,p,k,y,d,0,0,9.593769e-05
f,y,n,t,n,f,c,b,w,t,b,s,s,g,g,p,w,o,p,n,v,d,0,0,0.00044168974
x,y,n,t,n,f,c,b,w,t,b,s,s,g,w,p,w,o,p,k,v,d,0,0,0.0004396677
x,s,w,t,l,f,c,b,n,e,c,s,s,w,w,p,w,o,p,n,n,g,0,0,0.00079485006
x,f,e,t,n,f,c,b,n,t,b,s,s,p,p,p,w,o,p,n,y,d,0,0,8.381314e-05
x,y,n,f,s,f,c,n,b,t,,k,s,p,w,p,w,o,e,w,v,l,1,1,0.9999187
f,y,n,f,s,f,c,n,b,t,,s,s,p,w,p,w,o,e,w,v,d,1,1,0.9997365
x,f,w,f,n,f,w,b,g,e,,s,k,w,w,p,w,t,p,w,s,g,0,0,0.00026736732
x,y,w,t,p,f,c,n,p,e,e,s,s,w,w,p,w,o,p,n,s,g,1,1,0.9977913
x,f,w,t,l,f,w,n,p,t,b,s,s,w,w,p,w,o,p,u,v,d,0,0,0.0041031353
x,s,w,t,l,f,c,b,n,e,c,s,s,w,w,p,w,o,p,n,s,m,0,0,0.00072431995
f,y,e,t,n,f,c,b,w,t,b,s,s,p,p,p,w,o,p,n,y,d,0,0,0.0001104337
f,f,g,f,f,f,c,b,g,e,b,k,k,p,n,p,w,o,l,h,v,p,1,1,0.99989116
x,f,g,f,f,f,c,b,h,e,b,k,k,n,p,p,w,o,l,h,v,p,1,1,0.99989057
b,y,y,t,l,f,c,b,w,e,c,s,s,w,w,p,w,o,p,n,s,g,0,0,0.00058491103
x,y,n,f,f,f,c,n,b,t,,k,k,p,w,p,w,o,e,w,v,d,1,1,0.99992883
k,s,n,f,s,f,c,n,b,t,,k,k,w,w,p,w,o,e,w,v,p,1,1,0.9999193
f,y,g,t,n,f,c,b,p,t,b,s,s,w,g,p,w,o,p,k,v,d,0,0,0.000509773
x,y,b,t,n,f,c,b,e,e,,s,s,w,e,p,w,t,e,w,c,w,0,0,0.0010554856
f,y,e,t,n,f,c,b,u,t,b,s,s,g,p,p,w,o,p,k,v,d,0,0,0.000509773
f,y,n,f,s,f,c,n,b,t,,k,s,w,w,p,w,o,e,w,v,p,1,1,0.9999192
s,f,n,f,n,f,c,n,k,e,e,s,s,w,w,p,w,o,p,k,y,u,0,0,0.0014936101
x,f,n,t,n,f,c,b,w,t,b,s,s,w,g,p,w,o,p,n,y,d,0,0,8.826487e-05
x,y,g,f,f,f,c,b,g,e,b,k,k,n,n,p,w,o,l,h,v,p,1,1,0.99989307
x,s,p,t,n,f,c,b,w,e,b,s,s,w,w,p,w,t,p,w,y,p,0,0,0.001157397
x,y,e,t,n,f,c,b,n,t,b,s,s,g,p,p,w,o,p,k,v,d,0,0,0.00041085933
f,f,e,t,n,f,c,b,p,t,b,s,s,w,p,p,w,o,p,k,v,d,0,0,0.0004944083
k,s,e,f,y,f,c,n,b,t,,k,s,w,p,p,w,o,e,w,v,l,1,1,0.9999192
x,s,e,f,f,f,c,n,b,t,,s,k,w,w,p,w,o,e,w,v,d,1,1,0.99979526
x,y,n,t,n,f,c,b,u,t,b,s,s,g,p,p,w,o,p,n,v,d,0,0,0.00033786488
f,y,g,t,n,f,c,b,u,t,b,s,s,w,w,p,w,o,p,n,v,d,0,0,0.00041991982
x,f,g,f,n,f,c,n,n,e,e,s,s,w,w,p,w,o,p,k,v,u,0,0,0.002216824
f,s,w,t,p,f,c,n,p,e,e,s,s,w,w,p,w,o,p,k,v,g,1,1,0.9990578
k,s,e,f,y,f,c,n,b,t,,s,k,w,p,p,w,o,e,w,v,l,1,1,0.9998658
f,y,g,f,f,f,c,b,g,e,b,k,k,b,n,p,w,o,l,h,v,d,1,1,0.99989367
f,f,g,f,f,f,c,b,p,e,b,k,k,p,n,p,w,o,l,h,v,g,1,1,0.99989116
f,y,n,t,a,f,c,b,n,e,r,s,y,w,w,p,w,o,p,n,y,g,0,0,0.00080472865
x,y,n,t,l,f,c,b,p,e,r,s,y,w,w,p,w,o,p,k,s,g,0,0,0.0010088206
x,f,y,f,f,f,c,b,h,e,b,k,k,n,n,p,w,o,l,h,v,p,1,1,0.99989057
f,y,n,f,y,f,c,n,b,t,,s,k,p,p,p,w,o,e,w,v,p,1,1,0.9998658
f,s,n,f,s,f,c,n,b,t,,s,s,p,p,p,w,o,e,w,v,d,1,1,0.9997365
k,s,n,f,y,f,c,n,b,t,,k,s,w,w,p,w,o,e,w,v,l,1,1,0.9999192
f,s,n,f,n,f,w,b,n,t,e,f,s,w,w,p,w,o,e,n,s,g,0,0,0.00012172863
x,y,w,t,a,f,c,b,k,e,c,s,s,w,w,p,w,o,p,k,n,g,0,0,0.00084927195
f,f,e,t,n,f,c,b,w,t,b,s,s,g,g,p,w,o,p,k,v,d,0,0,0.0005284423
f,f,n,f,n,f,w,b,k,t,e,f,f,w,w,p,w,o,e,n,a,g,0,0,0.000120784556
k,f,g,f,n,f,w,b,g,e,,s,k,w,w,p,w,t,p,w,s,g,0,0,0.00018800041
x,y,g,f,f,f,c,b,g,e,b,k,k,b,b,p,w,o,l,h,v,d,1,1,0.99989307
x,y,e,t,n,f,c,b,n,t,b,s,s,w,p,p,w,o,p,k,v,d,0,0,0.00041085933
k,s,e,f,s,f,c,n,b,t,,s,s,p,p,p,w,o,e,w,v,d,1,1,0.9997365
f,f,g,t,n,f,c,b,w,t,b,s,s,w,g,p,w,o,p,k,v,d,0,0,0.0005284423
x,y,y,f,f,f,c,b,g,e,b,k,k,p,p,p,w,o,l,h,y,d,1,1,0.99977595
x,f,n,f,n,f,w,b,n,t,e,f,f,w,w,p,w,o,e,n,a,g,0,0,0.00011232243
b,y,w,t,l,f,c,b,n,e,c,s,s,w,w,p,w,o,p,k,s,g,0,0,0.00084900693
x,f,g,f,f,f,c,b,p,e,b,k,k,n,n,p,w,o,l,h,y,p,1,1,0.99977595
f,f,n,t,n,f,c,b,n,t,b,s,s,w,g,p,w,o,p,k,v,d,0,0,0.0004944083
b,s,g,f,n,f,w,b,g,e,,k,k,w,w,p,w,t,p,w,n,g,0,0,0.000854839
f,f,e,t,n,f,c,b,w,t,b,s,s,w,w,p,w,o,p,n,y,d,0,0,0.00010957721
f,y,n,t,n,f,c,b,w,t,b,s,s,p,g,p,w,o,p,k,y,d,0,0,0.0001272415
x,y,e,t,n,f,c,b,n,t,b,s,s,w,w,p,w,o,p,n,y,d,0,0,8.446826e-05
x,y,y,f,f,f,c,b,g,e,b,k,k,b,n,p,w,o,l,h,y,g,1,1,0.99977595
x,s,n,f,f,f,c,n,b,t,,s,s,p,w,p,w,o,e,w,v,l,1,1,0.9998814
x,s,w,t,a,f,c,b,g,e,c,s,s,w,w,p,w,o,p,n,s,g,0,0,0.0008065842
f,y,n,t,n,f,c,b,p,t,b,s,s,p,g,p,w,o,p,n,y,d,0,0,0.00010331845
x,y,g,f,f,f,c,b,p,e,b,k,k,n,b,p,w,o,l,h,v,d,1,1,0.99989307
x,s,b,t,f,f,c,b,h,t,b,s,f,w,w,p,w,o,p,h,s,g,1,1,0.9977518
f,y,n,t,n,f,c,b,w,t,b,s,s,g,w,p,w,o,p,n,y,d,0,0,0.0001104337
f,s,n,f,n,f,w,b,k,t,e,f,f,w,w,p,w,o,e,n,a,g,0,0,0.00012172863
x,y,y,t,l,f,c,b,w,e,c,s,s,w,w,p,w,o,p,k,s,g,0,0,0.0007026671
x,y,y,f,f,f,c,b,p,e,b,k,k,p,n,p,w,o,l,h,y,p,1,1,0.99977595
f,y,n,t,p,f,c,n,k,e,e,s,s,w,w,p,w,o,p,n,v,g,1,1,0.9980623
x,y,e,f,y,f,c,n,b,t,,k,k,p,p,p,w,o,e,w,v,d,1,1,0.9999081
x,f,g,f,c,f,c,n,u,e,b,s,s,w,w,p,w,o,p,k,v,d,1,1,0.99923766
f,y,n,t,n,f,c,b,n,t,b,s,s,w,w,p,w,o,p,k,v,d,0,0,0.00051801157
x,y,y,f,f,f,c,b,p,e,b,k,k,n,n,p,w,o,l,h,y,g,1,1,0.99977595
f,y,n,t,n,f,c,b,u,t,b,s,s,g,g,p,w,o,p,n,y,d,0,0,0.00010331845
f,f,n,t,n,f,c,b,u,t,b,s,s,g,g,p,w,o,p,k,y,d,0,0,0.00011812031
f,s,g,f,n,f,w,b,p,t,e,f,f,w,w,p,w,o,e,n,a,g,0,0,0.00012172863
f,f,g,f,n,f,w,b,p,t,e,s,s,w,w,p,w,o,e,k,s,g,0,0,7.703797e-05
k,s,e,f,y,f,c,n,b,t,,k,s,p,p,p,w,o,e,w,v,p,1,1,0.9999192
f,f,e,t,n,f,c,b,n,t,b,s,s,w,p,p,w,o,p,k,v,d,0,0,0.0004944083
f,f,n,t,n,f,c,b,n,t,b,s,s,p,w,p,w,o,p,k,v,d,0,0,0.0005023987
x,f,e,t,n,f,c,b,u,t,b,s,s,p,g,p,w,o,p,n,v,d,0,0,0.00032768017
k,s,g,f,n,f,w,b,g,e,,s,s,w,w,p,w,t,p,w,s,g,0,0,0.00019538592
k,y,n,f,s,f,c,n,b,t,,k,k,w,p,p,w,o,e,w,v,d,1,1,0.99990857
x,y,n,t,p,f,c,n,w,e,e,s,s,w,w,p,w,o,p,k,v,g,1,1,0.99856263
x,f,n,t,n,f,c,b,p,t,b,s,s,g,w,p,w,o,p,n,v,d,0,0,0.00033297643
f,s,n,t,p,f,c,n,p,e,e,s,s,w,w,p,w,o,p,k,s,g,1,1,0.998412
x,s,w,t,a,f,c,b,n,e,c,s,s,w,w,p,w,o,p,k,n,m,0,0,0.00088296214
x,s,n,f,f,f,c,n,b,t,,s,k,p,p,p,w,o,e,w,v,d,1,1,0.99979526
x,y,e,f,s,f,c,n,b,t,,s,k,w,w,p,w,o,e,w,v,d,1,1,0.9997354
x,s,n,f,n,f,w,b,k,t,e,f,f,w,w,p,w,o,e,k,s,g,0,0,0.00011730238
x,s,n,f,y,f,c,n,b,t,,s,k,p,w,p,w,o,e,w,v,p,1,1,0.99986494
b,s,w,t,a,f,c,b,n,e,c,s,s,w,w,p,w,o,p,k,s,g,0,0,0.0009829205
x,y,u,f,n,f,c,n,p,e,,s,f,w,w,p,w,o,f,h,v,d,0,0,0.0019000907
f,f,g,t,n,f,c,b,p,t,b,s,s,g,w,p,w,o,p,n,y,d,0,0,0.00010251723
f,y,n,t,n,f,c,b,u,t,b,s,s,p,p,p,w,o,p,k,v,d,0,0,0.000509773
f,s,w,f,n,f,w,b,k,t,e,s,f,w,w,p,w,o,e,k,a,g,0,0,0.00012223051
f,f,y,f,f,f,c,b,h,e,b,k,k,p,p,p,w,o,l,h,v,d,1,1,0.99989116
x,y,e,t,n,f,c,b,w,t,b,s,s,w,w,p,w,o,p,k,y,d,0,0,0.00010103326
f,y,n,t,n,f,c,b,w,t,b,s,s,w,p,p,w,o,p,k,v,d,0,0,0.0005448641
x,f,g,f,f,f,c,b,g,e,b,k,k,b,n,p,w,o,l,h,v,p,1,1,0.99989057
x,y,y,t,l,f,c,b,k,e,c,s,s,w,w,p,w,o,p,n,n,m,0,0,0.000557206
f,y,y,f,f,f,c,b,p,e,b,k,k,n,n,p,w,o,l,h,y,d,1,1,0.99977726
x,s,w,t,f,f,c,b,h,t,b,s,f,w,w,p,w,o,p,h,v,g,1,1,0.99932516
b,y,w,t,l,f,c,b,n,e,c,s,s,w,w,p,w,o,p,k,n,g,0,0,0.00084900693
f,f,g,t,n,f,c,b,u,t,b,s,s,g,g,p,w,o,p,k,v,d,0,0,0.0004944083
x,y,y,f,f,f,c,b,h,e,b,k,k,p,p,p,w,o,l,h,y,d,1,1,0.99977595
x,f,g,f,f,f,c,b,h,e,b,k,k,p,p,p,w,o,l,h,v,p,1,1,0.99989057
f,y,e,f,y,f,c,n,b,t,,s,s,p,p,p,w,o,e,w,v,p,1,1,0.99986553
x,y,y,f,f,f,c,b,h,e,b,k,k,n,n,p,w,o,l,h,v,g,1,1,0.99989307
x,y,e,t,n,f,c,b,n,t,b,s,s,p,w,p,w,o,p,n,v,d,0,0,0.00034332616
x,y,y,f,f,f,c,b,p,e,b,k,k,b,p,p,w,o,l,h,y,p,1,1,0.99977595
k,s,n,f,y,f,c,n,b,t,,s,k,w,w,p,w,o,e,w,v,p,1,1,0.9998658
x,s,y,t,a,f,c,b,w,e,c,s,s,w,w,p,w,o,p,k,s,g,0,0,0.0007987368
f,f,g,t,n,f,c,b,n,t,b,s,s,w,g,p,w,o,p,n,y,d,0,0,0.00010251723
k,s,n,f,s,f,c,n,b,t,,s,k,p,p,p,w,o,e,w,v,p,1,1,0.9998658
x,y,n,t,n,f,c,b,n,t,b,s,s,w,g,p,w,o,p,n,y,d,0,0,8.446826e-05
x,s,w,t,a,f,c,b,k,e,c,s,s,w,w,p,w,o,p,k,s,m,0,0,0.00088296214
x,s,n,f,n,f,w,b,p,t,e,f,f,w,w,p,w,o,e,n,a,g,0,0,0.000113200265
f,y,y,t,l,f,c,b,w,e,r,s,y,w,w,p,w,o,p,k,y,g,0,0,0.00092023343
f,f,e,t,n,f,c,b,n,t,b,s,s,p,w,p,w,o,p,n,v,d,0,0,0.00040726224
x,y,g,t,n,f,c,b,n,t,b,s,s,w,w,p,w,o,p,n,y,d,0,0,8.446826e-05
k,s,e,f,s,f,c,n,b,t,,s,s,w,p,p,w,o,e,w,v,l,1,1,0.99986553
x,s,n,f,f,f,c,n,b,t,,k,s,w,p,p,w,o,e,w,v,l,1,1,0.9999287
x,s,w,f,n,f,w,b,g,e,,k,k,w,w,p,w,t,p,w,s,g,0,0,0.0008975031
x,y,e,f,y,f,c,n,b,t,,k,s,p,p,p,w,o,e,w,v,p,1,1,0.9999187
f,y,g,f,f,f,c,b,h,e,b,k,k,n,n,p,w,o,l,h,y,p,1,1,0.99977726
x,y,n,t,n,f,c,b,w,e,,s,s,e,w,p,w,t,e,w,c,w,0,0,0.0010641271
f,f,g,f,f,f,c,b,g,e,b,k,k,b,p,p,w,o,l,h,v,g,1,1,0.99989116
x,y,n,t,n,f,c,b,u,t,b,s,s,w,g,p,w,o,p,n,v,d,0,0,0.00033786488
f,s,g,t,f,f,c,b,h,t,b,s,s,w,w,p,w,o,p,h,s,u,1,1,0.9979673
x,f,g,f,n,f,w,b,p,t,e,f,s,w,w,p,w,o,e,n,s,g,0,0,0.00011232243
x,s,y,t,a,f,c,b,w,e,c,s,s,w,w,p,w,o,p,n,s,m,0,0,0.0006058857
f,f,y,f,f,f,c,b,h,e,b,k,k,b,b,p,w,o,l,h,v,g,1,1,0.99989116
x,s,w,f,n,f,w,b,k,t,e,f,f,w,w,p,w,o,e,k,a,g,0,0,0.00015208682
x,y,y,f,f,f,c,b,g,e,b,k,k,n,p,p,w,o,l,h,y,g,1,1,0.99977595
f,y,e,f,s,f,c,n,b,t,,k,k,w,p,p,w,o,e,w,v,p,1,1,0.9999193
x,s,e,f,y,f,c,n,b,t,,s,k,w,p,p,w,o,e,w,v,d,1,1,0.9997354
k,s,e,f,y,f,c,n,b,t,,k,k,w,w,p,w,o,e,w,v,l,1,1,0.9999193
x,y,y,f,f,f,c,b,p,e,b,k,k,b,n,p,w,o,l,h,v,p,1,1,0.99989307
b,s,y,t,a,f,c,b,k,e,c,s,s,w,w,p,w,o,p,n,s,g,0,0,0.00066489103
f,f,g,f,n,f,w,b,h,t,e,f,f,w,w,p,w,o,e,n,s,g,0,0,0.000120784556
k,f,w,f,n,f,w,b,w,e,,s,s,w,w,p,w,t,p,w,s,g,0,0,0.0002997792
k,s,e,t,n,f,c,b,e,e,,s,s,w,w,p,w,t,e,w,c,w,0,0,0.0012673633
x,y,e,t,n,f,c,b,p,t,b,s,s,p,g,p,w,o,p,n,v,d,0,0,0.00033786488
x,s,e,f,f,f,c,n,b,t,,k,k,p,w,p,w,o,e,w,v,d,1,1,0.99992883
f,y,g,t,n,f,c,b,u,t,b,s,s,p,g,p,w,o,p,n,y,d,0,0,0.00010331845
x,s,n,f,n,f,w,b,h,t,e,f,s,w,w,p,w,o,e,k,s,g,0,0,0.00011730238
f,s,e,f,y,f,c,n,b,t,,k,s,w,w,p,w,o,e,w,v,p,1,1,0.9999192
x,s,n,f,y,f,c,n,b,t,,s,s,p,w,p,w,o,e,w,v,l,1,1,0.9998647
f,y,n,f,s,f,c,n,b,t,,s,k,p,w,p,w,o,e,w,v,l,1,1,0.9998658
f,f,g,t,n,f,c,b,u,t,b,s,s,p,w,p,w,o,p,n,y,d,0,0,0.00010251723
f,f,n,t,n,f,c,b,w,t,b,s,s,w,w,p,w,o,p,n,y,d,0,0,0.00010957721
f,f,y,f,f,f,c,b,g,e,b,k,k,p,n,p,w,o,l,h,y,d,1,1,0.9997774
x,y,y,t,l,f,c,b,p,e,r,s,y,w,w,p,w,o,p,n,y,g,0,0,0.0007551347
x,s,n,f,n,f,w,b,h,t,e,f,f,w,w,p,w,o,e,n,a,g,0,0,0.000113200265
k,y,e,f,f,f,c,n,b,t,,k,k,w,p,p,w,o,e,w,v,d,1,1,0.9999293
f,y,g,t,n,f,c,b,u,t,b,s,s,w,g,p,w,o,p,k,y,d,0,0,0.000119043456
x,y,y,f,f,f,c,b,p,e,b,k,k,p,b,p,w,o,l,h,y,g,1,1,0.99977595
x,y,e,f,f,f,c,n,b,t,,k,k,w,w,p,w,o,e,w,v,d,1,1,0.99992883
x,f,e,t,n,f,c,b,u,t,b,s,s,g,g,p,w,o,p,n,y,d,0,0,8.381314e-05
x,f,n,f,n,f,w,b,k,t,e,f,f,w,w,p,w,o,e,n,s,g,0,0,0.00011232243
k,y,e,f,s,f,c,n,b,t,,k,k,w,p,p,w,o,e,w,v,l,1,1,0.9999193
f,s,w,t,f,f,c,b,w,t,b,f,s,w,w,p,w,o,p,h,s,u,1,1,0.9987025
f,s,e,f,y,f,c,n,b,t,,s,s,w,p,p,w,o,e,w,v,p,1,1,0.99986553
x,y,e,t,n,f,c,b,n,t,b,s,s,g,w,p,w,o,p,n,y,d,0,0,8.446826e-05
k,y,e,f,s,f,c,n,b,t,,k,s,w,w,p,w,o,e,w,v,p,1,1,0.9999192
k,s,n,f,n,a,c,b,y,e,,s,s,o,o,p,o,o,p,n,v,l,0,0,0.0004742479
x,f,n,t,n,f,c,b,n,t,b,s,s,w,g,p,w,o,p,k,v,d,0,0,0.00039847475
f,f,g,t,n,f,c,b,w,t,b,s,s,p,w,p,w,o,p,k,v,d,0,0,0.0005369825
f,f,y,f,f,f,c,b,h,e,b,k,k,b,n,p,w,o,l,h,y,g,1,1,0.9997774
x,f,e,t,n,f,c,b,u,t,b,s,s,g,w,p,w,o,p,n,y,d,0,0,8.381314e-05
k,s,n,f,y,f,c,n,b,t,,s,s,w,p,p,w,o,e,w,v,l,1,1,0.99986553
x,y,y,f,f,f,c,b,h,e,b,k,k,b,b,p,w,o,l,h,v,d,1,1,0.99989307
f,y,e,f,y,f,c,n,b,t,,k,k,p,w,p,w,o,e,w,v,p,1,1,0.9999193
f,s,e,f,s,f,c,n,b,t,,s,s,w,p,p,w,o,e,w,v,d,1,1,0.9997365
k,y,e,f,s,f,c,n,b,t,,s,k,p,p,p,w,o,e,w,v,p,1,1,0.9998658
x,y,n,f,y,f,c,n,b,t,,s,k,w,p,p,w,o,e,w,v,d,1,1,0.9997354
f,y,y,f,f,f,c,b,g,e,b,k,k,p,b,p,w,o,l,h,v,d,1,1,0.99989367
x,s,p,f,c,f,w,n,n,e,b,s,s,w,w,p,w,o,p,n,v,d,1,1,0.9982205
x,f,g,f,n,f,w,b,p,t,e,f,s,w,w,p,w,o,e,k,s,g,0,0,0.00011639274
k,s,e,f,s,f,c,n,b,t,,s,s,p,w,p,w,o,e,w,v,l,1,1,0.99986553
x,y,n,t,n,f,c,b,n,t,b,s,s,g,g,p,w,o,p,k,v,d,0,0,0.00041085933
x,f,g,f,f,f,c,b,p,e,b,k,k,n,p,p,w,o,l,h,y,d,1,1,0.99977595
f,f,g,t,n,f,c,b,p,t,b,s,s,w,w,p,w,o,p,n,v,d,0,0,0.00040726224
b,s,n,f,n,a,c,b,y,e,,s,s,o,o,p,o,o,p,o,c,l,0,0,0.00012037453
x,s,b,t,n,f,c,b,w,e,,s,s,w,w,p,w,t,e,w,c,w,0,0,0.0010898422
f,f,y,f,f,f,c,b,p,e,b,k,k,n,p,p,w,o,l,h,v,p,1,1,0.99989116
x,s,y,t,l,f,c,b,k,e,c,s,s,w,w,p,w,o,p,n,s,m,0,0,0.0005970695
f,f,y,f,f,f,c,b,h,e,b,k,k,n,b,p,w,o,l,h,y,p,1,1,0.9997774
f,y,n,t,n,f,c,b,n,t,b,s,s,p,p,p,w,o,p,k,v,d,0,0,0.000509773
f,y,u,f,n,f,c,n,p,e,,s,f,w,w,p,w,o,f,h,v,d,0,0,0.002055035
f,s,n,f,y,f,c,n,b,t,,s,k,w,w,p,w,o,e,w,v,l,1,1,0.9998658
x,y,y,f,f,f,c,b,g,e,b,k,k,b,n,p,w,o,l,h,v,g,1,1,0.99989307
x,y,w,t,p,f,c,n,p,e,e,s,s,w,w,p,w,o,p,n,v,u,1,1,0.9984863
f,s,n,t,p,f,c,n,w,e,e,s,s,w,w,p,w,o,p,k,s,g,1,1,0.998412
x,f,e,t,n,f,c,b,w,t,b,s,s,w,w,p,w,o,p,n,v,d,0,0,0.00035065797
f,y,g,t,n,f,c,b,p,t,b,s,s,g,g,p,w,o,p,k,y,d,0,0,0.000119043456
x,f,g,f,f,f,c,b,g,e,b,k,k,b,p,p,w,o,l,h,v,p,1,1,0.99989057
x,f,g,f,n,f,c,n,p,e,e,s,s,w,w,p,w,o,p,k,y,u,0,0,0.0013809372
b,f,g,f,n,f,w,b,w,e,,s,s,w,w,p,w,t,p,w,s,g,0,0,0.00021239913
f,y,n,f,s,f,c,n,b,t,,s,k,w,w,p,w,o,e,w,v,p,1,1,0.9998658
f,f,g,f,n,f,w,b,p,t,e,s,f,w,w,p,w,o,e,n,s,g,0,0,7.3906194e-05
f,y,y,f,f,f,c,b,h,e,b,k,k,n,n,p,w,o,l,h,y,g,1,1,0.99977726
x,y,g,f,f,f,c,b,p,e,b,k,k,n,b,p,w,o,l,h,y,d,1,1,0.99977595
x,y,n,t,a,f,c,b,p,e,r,s,y,w,w,p,w,o,p,n,s,p,0,0,0.0007454203
k,y,e,f,y,f,c,n,b,t,,s,s,p,p,p,w,o,e,w,v,p,1,1,0.99986553
f,f,g,f,f,f,c,b,p,e,b,k,k,n,n,p,w,o,l,h,v,d,1,1,0.99989116
f,y,e,f,f,f,c,n,b,t,,s,s,w,w,p,w,o,e,w,v,d,1,1,0.9997961
f,s,w,f,n,f,w,b,p,t,e,f,s,w,w,p,w,o,e,k,a,g,0,0,0.00016451236
x,y,y,t,a,f,c,b,p,e,r,s,y,w,w,p,w,o,p,k,y,p,0,0,0.00090148323
f,s,b,t,n,f,c,b,w,e,,s,s,e,w,p,w,t,e,w,c,w,0,0,0.0013912441
f,s,n,f,y,f,c,n,b,t,,s,s,w,p,p,w,o,e,w,v,p,1,1,0.99986553
f,s,w,t,p,f,c,n,k,e,e,s,s,w,w,p,w,o,p,k,v,g,1,1,0.9990578
x,s,n,f,n,f,w,b,k,t,e,f,s,w,w,p,w,o,e,k,a,g,0,0,0.00011730238
f,y,e,f,f,f,c,n,b,t,,k,k,w,p,p,w,o,e,w,v,d,1,1,0.9999293
b,s,n,f,n,a,c,b,y,e,,s,s,o,o,p,n,o,p,n,c,l,0,0,0.00011196078
x,s,n,f,s,f,c,n,b,t,,k,s,p,p,p,w,o,e,w,v,p,1,1,0.9999187
k,s,n,f,n,a,c,b,o,e,,s,s,o,o,p,n,o,p,b,v,l,0,0,0.00054591784
f,s,n,t,p,f,c,n,n,e,e,s,s,w,w,p,w,o,p,k,v,u,1,1,0.9989567
x,y,n,t,n,f,c,b,u,t,b,s,s,g,p,p,w,o,p,n,y,d,0,0,8.446826e-05
f,y,n,f,f,f,c,n,b,t,,k,k,w,w,p,w,o,e,w,v,d,1,1,0.9999293
x,y,y,f,f,f,c,b,h,e,b,k,k,n,b,p,w,o,l,h,v,p,1,1,0.99989307
x,f,w,f,n,f,w,b,n,t,e,f,f,w,w,p,w,o,e,n,s,g,0,0,0.00014563034
x,f,w,t,l,f,w,n,n,t,b,s,s,w,w,p,w,o,p,u,v,d,0,0,0.0041031353
x,s,y,t,a,f,c,b,g,e,c,s,s,w,w,p,w,o,p,n,s,m,0,0,0.0006058857
k,f,w,f,n,f,w,b,p,e,,k,k,w,w,p,w,t,p,w,s,g,0,0,0.0009492555
k,y,e,f,s,f,c,n,b,t,,s,s,w,w,p,w,o,e,w,v,d,1,1,0.9997365
x,y,n,t,a,f,c,b,w,e,r,s,y,w,w,p,w,o,p,k,s,g,0,0,0.0009952674
k,y,n,f,f,f,c,n,b,t,,s,s,w,w,p,w,o,e,w,v,p,1,1,0.999882
x,f,n,f,n,f,w,b,n,t,e,f,s,w,w,p,w,o,e,k,a,g,0,0,0.00011639274
b,y,y,f,n,f,w,n,w,e,c,y,y,y,y,p,y,o,e,w,c,l,1,1,0.97610056
f,y,e,f,f,f,c,n,b,t,,s,s,p,p,p,w,o,e,w,v,p,1,1,0.999882
f,f,g,f,n,f,c,n,g,e,e,s,s,w,w,p,w,o,p,n,y,u,0,0,0.0014357215
x,f,g,f,n,f,w,b,k,t,e,f,s,w,w,p,w,o,e,n,a,g,0,0,0.00011232243
f,y,w,t,p,f,c,n,p,e,e,s,s,w,w,p,w,o,p,k,v,g,1,1,0.9987833
x,f,g,t,n,f,c,b,p,t,b,s,s,p,p,p,w,o,p,k,y,d,0,0,9.519362e-05
f,f,e,t,n,f,c,b,u,t,b,s,s,g,p,p,w,o,p,n,y,d,0,0,0.00010251723
k,f,w,f,n,f,w,b,w,e,,s,k,w,w,p,w,t,p,w,n,g,0,0,0.00030360057
x,f,n,t,n,f,c,b,n,t,b,s,s,g,g,p,w,o,p,k,v,d,0,0,0.00039847475
f,f,n,f,n,f,c,n,g,e,e,s,s,w,w,p,w,o,p,k,v,u,0,0,0.002397535
x,y,g,t,n,f,c,b,n,t,b,s,s,g,p,p,w,o,p,k,y,d,0,0,9.593769e-05
x,s,e,f,y,f,c,n,b,t,,k,k,w,w,p,w,o,e,w,v,p,1,1,0.9999188
b,s,g,f,n,f,w,b,g,e,,s,s,w,w,p,w,t,p,w,n,g,0,0,0.00021295839
f,s,w,f,n,f,w,b,p,t,e,f,f,w,w,p,w,o,e,n,s,g,0,0,0.00015782511
k,y,n,f,y,f,c,n,b,t,,s,k,w,p,p,w,o,e,w,v,d,1,1,0.99973696
f,y,b,t,n,f,c,b,e,e,,s,s,e,w,p,w,t,e,w,c,w,0,0,0.0013275659
k,s,e,f,f,f,c,n,b,t,,s,s,p,w,p,w,o,e,w,v,l,1,1,0.999882
f,f,g,f,n,f,w,b,k,t,e,f,f,w,w,p,w,o,e,n,s,g,0,0,0.000120784556
f,s,n,f,n,f,w,b,p,t,e,f,s,w,w,p,w,o,e,n,s,g,0,0,0.00012172863
f,f,n,t,n,f,c,b,n,t,b,s,s,w,w,p,w,o,p,n,y,d,0,0,0.00010251723
x,y,n,t,p,f,c,n,p,e,e,s,s,w,w,p,w,o,p,n,v,u,1,1,0.9982374
x,s,n,f,n,f,w,b,p,t,e,s,f,w,w,p,w,o,e,k,a,g,0,0,7.1775416e-05
f,y,g,f,f,f,c,b,g,e,b,k,k,n,p,p,w,o,l,h,y,p,1,1,0.99977726
x,s,w,t,p,f,c,n,n,e,e,s,s,w,w,p,w,o,p,k,s,g,1,1,0.9986167
x,s,w,t,p,f,c,n,k,e,e,s,s,w,w,p,w,o,p,n,s,u,1,1,0.9983734
x,f,y,f,f,f,c,b,h,e,b,k,k,n,b,p,w,o,l,h,y,d,1,1,0.99977595
x,s,n,f,n,a,c,b,o,e,,s,s,o,o,p,o,o,p,y,v,l,0,0,0.0005046995
x,s,w,f,c,f,w,n,u,e,b,s,s,w,w,p,w,o,p,n,s,d,1,1,0.9984408
f,f,g,t,n,f,c,b,w,t,b,s,s,p,p,p,w,o,p,k,y,d,0,0,0.00012625467
k,s,p,t,n,f,c,b,e,e,,s,s,e,w,p,w,t,e,w,c,w,0,0,0.0012887028
x,f,y,t,l,f,w,n,w,t,b,s,s,w,w,p,w,o,p,u,v,d,0,0,0.0035461243
f,f,e,t,n,f,c,b,u,t,b,s,s,w,w,p,w,o,p,n,y,d,0,0,0.00010251723
x,f,g,f,f,f,c,b,h,e,b,k,k,b,n,p,w,o,l,h,y,p,1,1,0.99977595
x,y,e,f,s,f,c,n,b,t,,s,k,p,w,p,w,o,e,w,v,l,1,1,0.99986494
k,y,n,f,s,f,c,n,b,t,,k,k,p,w,p,w,o,e,w,v,p,1,1,0.9999193
f,s,n,f,n,a,c,b,o,e,,s,s,o,o,p,o,o,p,n,c,l,0,0,0.00010107142
x,y,y,f,f,f,c,b,g,e,b,k,k,b,b,p,w,o,l,h,y,g,1,1,0.99977595
x,s,n,t,p,f,c,n,w,e,e,s,s,w,w,p,w,o,p,n,v,g,1,1,0.9984994
f,y,g,t,n,f,c,b,p,t,b,s,s,p,g,p,w,o,p,n,y,d,0,0,0.00010331845
x,s,g,t,n,f,c,b,w,e,b,s,s,w,w,p,w,t,p,w,y,p,0,0,0.0011382283
f,f,e,t,n,f,c,b,u,t,b,s,s,w,p,p,w,o,p,k,y,d,0,0,0.00011812031
f,y,y,f,f,f,c,b,g,e,b,k,k,n,n,p,w,o,l,h,y,g,1,1,0.99977726
k,s,e,f,y,f,c,n,b,t,,k,s,p,p,p,w,o,e,w,v,d,1,1,0.99990845
f,y,e,t,n,f,c,b,n,t,b,s,s,p,p,p,w,o,p,n,v,d,0,0,0.00041324066
k,y,n,f,s,f,c,n,b,t,,s,k,w,p,p,w,o,e,w,v,l,1,1,0.9998658
x,s,g,f,n,f,w,b,w,e,,k,k,w,w,p,w,t,p,w,s,g,0,0,0.0007499926
f,s,n,t,p,f,c,n,k,e,e,s,s,w,w,p,w,o,p,n,s,g,1,1,0.9980082
x,y,e,t,n,f,c,b,n,t,b,s,s,w,p,p,w,o,p,k,y,d,0,0,9.593769e-05
b,s,w,t,a,f,c,b,w,e,c,s,s,w,w,p,w,o,p,k,n,m,0,0,0.0008957163
k,y,e,f,s,f,c,n,b,t,,k,s,w,p,p,w,o,e,w,v,l,1,1,0.9999192
k,f,w,f,n,f,w,b,p,e,,k,s,w,w,p,w,t,p,w,s,g,0,0,0.0009373151
f,s,g,f,n,f,w,b,h,t,e,s,s,w,w,p,w,o,e,n,s,g,0,0,7.448388e-05
f,s,n,f,s,f,c,n,b,t,,k,s,p,p,p,w,o,e,w,v,l,1,1,0.9999192
x,y,e,t,n,f,c,b,e,e,,s,s,w,e,p,w,t,e,w,c,w,0,0,0.0010260806
x,s,g,f,n,f,w,b,k,t,e,s,f,w,w,p,w,o,e,k,s,g,0,0,7.1775416e-05
x,y,w,t,a,f,c,b,n,e,c,s,s,w,w,p,w,o,p,k,s,g,0,0,0.00084927195
k,s,e,f,f,f,c,n,b,t,,s,s,w,w,p,w,o,e,w,v,p,1,1,0.999882
x,s,w,f,n,f,w,b,n,t,e,f,f,w,w,p,w,o,e,n,a,g,0,0,0.00014676846
x,f,g,f,f,f,c,b,p,e,b,k,k,b,b,p,w,o,l,h,y,p,1,1,0.99977595
x,y,g,f,f,f,c,b,h,e,b,k,k,p,n,p,w,o,l,h,v,d,1,1,0.99989307
x,s,g,f,c,f,w,n,p,e,b,s,s,w,w,p,w,o,p,k,s,d,1,1,0.99856585
x,s,n,f,n,f,w,b,p,t,e,s,s,w,w,p,w,o,e,k,s,g,0,0,7.1775416e-05
f,f,y,f,f,f,c,b,h,e,b,k,k,b,b,p,w,o,l,h,v,d,1,1,0.99989116
f,y,y,f,f,f,c,b,h,e,b,k,k,p,p,p,w,o,l,h,y,p,1,1,0.99977726
f,s,w,f,n,f,w,b,k,t,e,f,f,w,w,p,w,o,e,n,s,g,0,0,0.00015782511
f,y,y,f,f,f,c,b,p,e,b,k,k,n,p,p,w,o,l,h,y,g,1,1,0.99977726
x,s,n,f,n,a,c,b,n,e,,s,s,o,o,p,n,o,p,y,v,l,0,0,0.0005046995
f,f,n,t,n,f,c,b,n,t,b,s,s,p,g,p,w,o,p,n,v,d,0,0,0.0004007843
f,y,g,f,f,f,c,b,g,e,b,k,k,n,p,p,w,o,l,h,y,g,1,1,0.99977726
x,f,w,f,c,f,w,n,u,e,b,s,s,w,w,p,w,o,p,k,v,d,1,1,0.9984047
x,y,n,f,s,f,c,n,b,t,,k,s,w,w,p,w,o,e,w,v,d,1,1,0.99990785
f,y,g,f,f,f,c,b,h,e,b,k,k,b,p,p,w,o,l,h,y,p,1,1,0.99977726
f,s,n,f,n,a,c,b,y,e,,s,s,o,o,p,n,o,p,n,c,l,0,0,0.00010107142
x,s,e,t,n,f,c,b,w,e,,s,s,e,w,p,w,t,e,w,c,w,0,0,0.0010594811
f,s,b,t,n,f,c,b,w,e,,s,s,w,w,p,w,t,e,w,c,w,0,0,0.0013912441
x,f,g,f,f,f,c,b,p,e,b,k,k,b,n,p,w,o,l,h,y,p,1,1,0.99977595
k,y,n,f,m,f,c,b,w,e,c,k,y,c,c,p,w,n,n,w,c,d,1,1,0.99795747
x,y,e,f,s,f,c,n,b,t,,s,s,p,p,p,w,o,e,w,v,p,1,1,0.9998647
f,f,n,f,n,f,w,b,k,t,e,s,s,w,w,p,w,o,e,n,a,g,0,0,7.3906194e-05
f,y,n,f,s,f,c,n,b,t,,k,s,w,p,p,w,o,e,w,v,l,1,1,0.9999192
f,s,e,f,s,f,c,n,b,t,,k,s,p,w,p,w,o,e,w,v,p,1,1,0.9999192
k,s,n,f,f,f,c,n,b,t,,k,k,w,w,p,w,o,e,w,v,l,1,1,0.9999293
b,y,w,t,l,f,c,b,w,e,c,s,s,w,w,p,w,o,p,k,n,m,0,0,0.0008088028
x,y,e,f,y,f,c,n,b,t,,s,k,p,w,p,w,o,e,w,v,p,1,1,0.99986494
f,y,g,t,n,f,c,b,p,t,b,s,s,g,w,p,w,o,p,k,y,d,0,0,0.000119043456
x,f,y,f,f,f,c,b,h,e,b,k,k,p,n,p,w,o,l,h,y,d,1,1,0.99977595
x,f,e,t,n,f,c,b,n,t,b,s,s,p,p,p,w,o,p,k,y,d,0,0,9.519362e-05
f,y,e,f,y,f,c,n,b,t,,s,s,p,p,p,w,o,e,w,v,d,1,1,0.9997365
x,s,b,t,f,f,c,b,h,t,b,f,f,w,w,p,w,o,p,h,v,u,1,1,0.99945813
x,s,e,t,n,f,c,b,e,e,,s,s,w,e,p,w,t,e,w,c,w,0,0,0.0010216006
x,f,y,f,f,f,c,b,p,e,b,k,k,p,b,p,w,o,l,h,y,p,1,1,0.99977595
b,y,y,t,l,f,c,b,k,e,c,s,s,w,w,p,w,o,p,k,n,m,0,0,0.00067906
x,y,n,f,y,f,c,n,b,t,,s,s,w,w,p,w,o,e,w,v,d,1,1,0.99973494
x,f,g,t,n,f,c,b,p,t,b,s,s,g,p,p,w,o,p,k,y,d,0,0,9.519362e-05
f,f,g,f,n,f,w,b,h,t,e,s,s,w,w,p,w,o,e,k,a,g,0,0,7.703797e-05
f,y,y,f,f,f,c,b,h,e,b,k,k,p,p,p,w,o,l,h,y,g,1,1,0.99977726
f,y,n,t,p,f,c,n,n,e,e,s,s,w,w,p,w,o,p,k,v,u,1,1,0.9987111
f,s,e,f,s,f,c,n,b,t,,s,k,w,p,p,w,o,e,w,v,l,1,1,0.9998658
f,y,g,f,f,f,c,b,p,e,b,k,k,b,b,p,w,o,l,h,v,d,1,1,0.99989367
x,y,g,t,n,f,c,b,w,t,b,s,s,w,w,p,w,o,p,k,v,d,0,0,0.0004396677
f,f,g,f,f,f,c,b,p,e,b,k,k,n,n,p,w,o,l,h,y,g,1,1,0.9997774
x,y,u,f,n,f,c,n,w,e,,s,f,w,w,p,w,o,f,h,v,d,0,0,0.0019507136
k,y,n,f,y,f,c,n,b,t,,k,k,p,w,p,w,o,e,w,v,d,1,1,0.99990857
f,f,n,f,n,f,c,n,k,e,e,s,s,w,w,p,w,o,p,k,y,u,0,0,0.0014936101
f,f,g,f,f,f,c,b,h,e,b,k,k,n,p,p,w,o,l,h,v,d,1,1,0.99989116
f,f,g,f,n,f,w,b,p,t,e,f,s,w,w,p,w,o,e,n,a,g,0,0,0.000120784556
x,y,e,f,s,f,c,n,b,t,,k,s,w,w,p,w,o,e,w,v,p,1,1,0.9999187
f,y,g,t,n,f,c,b,p,t,b,s,s,p,p,p,w,o,p,k,v,d,0,0,0.000509773
f,y,n,f,s,f,c,n,b,t,,s,s,w,p,p,w,o,e,w,v,d,1,1,0.9997365
f,y,n,t,n,f,c,b,u,t,b,s,s,g,p,p,w,o,p,n,y,d,0,0,0.00010331845
x,f,w,f,n,f,w,b,h,t,e,f,f,w,w,p,w,o,e,k,a,g,0,0,0.00015090748
x,y,n,t,n,f,c,b,u,t,b,s,s,p,g,p,w,o,p,n,y,d,0,0,8.446826e-05
k,s,e,f,f,f,c,n,b,t,,s,k,w,w,p,w,o,e,w,v,p,1,1,0.9998822
k,y,n,f,s,f,c,n,b,t,,s,s,w,w,p,w,o,e,w,v,p,1,1,0.99986553
f,y,n,f,f,f,c,n,b,t,,s,s,p,w,p,w,o,e,w,v,l,1,1,0.999882
x,y,g,f,f,f,c,b,g,e,b,k,k,p,p,p,w,o,l,h,y,p,1,1,0.99977595
x,y,e,f,s,f,c,n,b,t,,k,s,w,p,p,w,o,e,w,v,l,1,1,0.9999187
b,y,y,t,a,f,c,b,n,e,c,s,s,w,w,p,w,o,p,k,n,m,0,0,0.000689086
k,s,e,f,f,f,c,n,b,t,,k,k,p,p,p,w,o,e,w,v,l,1,1,0.9999293
x,y,e,t,n,f,c,b,w,t,b,s,s,p,p,p,w,o,p,k,v,d,0,0,0.00043267457
x,f,g,f,f,f,c,b,g,e,b,k,k,b,n,p,w,o,l,h,y,p,1,1,0.99977595
x,f,g,f,f,f,c,b,g,e,b,k,k,b,b,p,w,o,l,h,y,d,1,1,0.99977595
x,f,e,t,n,f,c,b,n,t,b,s,s,w,g,p,w,o,p,k,y,d,0,0,9.519362e-05
x,f,n,t,n,f,c,b,u,t,b,s,s,w,w,p,w,o,p,n,v,d,0,0,0.00033297643
x,y,e,f,m,f,c,b,y,e,c,k,y,c,c,p,w,n,n,w,c,d,1,1,0.99795353
k,s,e,f,f,f,c,n,b,t,,s,k,p,w,p,w,o,e,w,v,p,1,1,0.9998822
x,s,w,f,n,f,w,b,g,e,,s,k,w,w,p,w,t,p,w,s,g,0,0,0.00028141227
x,y,n,f,n,f,w,n,w,e,b,s,s,w,n,p,w,o,e,w,v,l,0,0,0.012135851
f,f,g,f,f,f,c,b,h,e,b,k,k,b,n,p,w,o,l,h,v,d,1,1,0.99989116
b,s,g,f,n,f,w,b,w,e,,s,s,w,w,p,w,t,p,w,s,g,0,0,0.00022355658
f,f,w,f,n,f,w,b,h,t,e,s,f,w,w,p,w,o,e,n,a,g,0,0,0.00011635235
x,y,y,t,a,f,c,b,p,e,r,s,y,w,w,p,w,o,p,n,s,g,0,0,0.0007868798
f,y,g,f,f,f,c,b,g,e,b,k,k,b,p,p,w,o,l,h,v,d,1,1,0.99989367
f,y,n,t,p,f,c,n,w,e,e,s,s,w,w,p,w,o,p,k,v,g,1,1,0.9985831
f,f,w,t,l,f,w,n,w,t,b,s,s,w,w,p,w,o,p,u,v,d,0,0,0.0041622105
x,y,n,f,y,f,c,n,b,t,,k,s,w,p,p,w,o,e,w,v,l,1,1,0.9999187
f,y,n,t,n,f,c,b,n,t,b,s,s,w,p,p,w,o,p,n,v,d,0,0,0.00041324066
x,y,g,f,f,f,c,b,p,e,b,k,k,p,n,p,w,o,l,h,v,p,1,1,0.99989307
f,y,g,f,f,f,c,b,g,e,b,k,k,n,b,p,w,o,l,h,y,g,1,1,0.99977726
f,s,n,f,y,f,c,n,b,t,,k,k,w,w,p,w,o,e,w,v,l,1,1,0.9999193
f,y,y,f,f,f,c,b,g,e,b,k,k,p,n,p,w,o,l,h,y,d,1,1,0.99977726
f,y,n,t,n,f,c,b,p,t,b,s,s,g,w,p,w,o,p,k,y,d,0,0,0.000119043456
f,y,n,f,s,f,c,n,b,t,,k,k,w,p,p,w,o,e,w,v,p,1,1,0.9999193
x,f,w,f,n,f,w,b,p,t,e,f,f,w,w,p,w,o,e,k,s,g,0,0,0.00015090748
x,s,p,t,n,f,c,b,w,e,,s,s,w,e,p,w,t,e,w,c,w,0,0,0.0010773239
f,f,g,f,n,f,c,n,n,e,e,s,s,w,w,p,w,o,p,k,y,u,0,0,0.0014936101
f,s,e,f,s,f,c,n,b,t,,k,s,p,w,p,w,o,e,w,v,d,1,1,0.99990845
s,f,n,f,n,f,c,n,g,e,e,s,s,w,w,p,w,o,p,k,v,u,0,0,0.002120541
f,f,y,f,f,f,c,b,h,e,b,k,k,p,n,p,w,o,l,h,y,p,1,1,0.9997774
k,y,e,f,y,f,c,n,b,t,,k,s,p,p,p,w,o,e,w,v,p,1,1,0.9999192
x,s,n,f,n,f,w,b,p,t,e,s,f,w,w,p,w,o,e,n,s,g,0,0,6.926528e-05
k,y,e,f,y,f,c,n,b,t,,s,s,w,w,p,w,o,e,w,v,l,1,1,0.99986553
f,f,g,f,f,f,c,b,h,e,b,k,k,n,p,p,w,o,l,h,v,p,1,1,0.99989116
x,y,g,f,f,f,c,b,h,e,b,k,k,b,p,p,w,o,l,h,v,p,1,1,0.99989307
f,y,e,t,n,f,c,b,p,t,b,s,s,g,p,p,w,o,p,n,v,d,0,0,0.00041324066
x,f,n,t,n,f,c,b,w,t,b,s,s,g,p,p,w,o,p,k,v,d,0,0,0.0004196327
x,y,g,t,n,f,c,b,n,t,b,s,s,p,p,p,w,o,p,k,y,d,0,0,9.593769e-05
x,s,p,f,c,f,w,n,p,e,b,s,s,w,w,p,w,o,p,k,s,d,1,1,0.99856585
f,y,n,f,f,f,c,n,b,t,,s,s,w,p,p,w,o,e,w,v,p,1,1,0.999882
x,y,g,f,f,f,c,b,p,e,b,k,k,b,b,p,w,o,l,h,y,p,1,1,0.99977595
f,s,w,t,f,f,c,b,h,t,b,s,f,w,w,p,w,o,p,h,s,g,1,1,0.99809664
f,f,w,f,n,f,w,b,n,t,e,s,f,w,w,p,w,o,e,n,s,g,0,0,0.00011635235
x,s,w,f,n,f,w,b,w,e,,k,s,w,w,p,w,t,p,w,s,g,0,0,0.0009165866
k,y,n,f,s,f,c,n,b,t,,k,s,w,w,p,w,o,e,w,v,l,1,1,0.9999192
x,y,y,t,l,f,c,b,p,e,r,s,y,w,w,p,w,o,p,k,s,p,0,0,0.0008402814
x,y,n,t,l,f,c,b,p,e,r,s,y,w,w,p,w,o,p,k,s,p,0,0,0.00093448476
f,y,g,t,n,f,c,b,n,t,b,s,s,p,g,p,w,o,p,k,y,d,0,0,0.000119043456
x,y,y,t,a,f,c,b,n,e,c,s,s,w,w,p,w,o,p,k,n,m,0,0,0.000679272
f,f,y,f,f,f,c,b,g,e,b,k,k,b,p,p,w,o,l,h,y,d,1,1,0.9997774
x,f,g,f,f,f,c,b,h,e,b,k,k,n,n,p,w,o,l,h,v,g,1,1,0.99989057
f,s,e,f,f,f,c,n,b,t,,s,s,w,p,p,w,o,e,w,v,p,1,1,0.999882
x,y,y,t,l,f,c,b,n,e,r,s,y,w,w,p,w,o,p,n,s,p,0,0,0.00069947884
f,f,y,f,f,f,c,b,p,e,b,k,k,n,p,p,w,o,l,h,y,p,1,1,0.9997774
x,y,w,f,n,f,c,n,u,e,,s,f,w,w,p,w,o,f,h,v,d,0,0,0.0053417785
f,s,g,t,f,f,c,b,h,t,b,f,s,w,w,p,w,o,p,h,v,u,1,1,0.9994659
k,y,n,f,y,f,c,n,b,t,,s,s,w,p,p,w,o,e,w,v,p,1,1,0.99986553
x,y,e,f,y,f,c,n,b,t,,s,k,w,w,p,w,o,e,w,v,d,1,1,0.9997354
x,f,w,f,n,f,w,b,h,t,e,f,f,w,w,p,w,o,e,n,a,g,0,0,0.00014563034
f,f,w,f,n,f,w,b,n,t,e,s,s,w,w,p,w,o,e,k,s,g,0,0,0.00012128255
f,s,n,f,y,f,c,n,b,t,,s,k,w,p,p,w,o,e,w,v,p,1,1,0.9998658
k,f,w,f,n,f,w,b,w,e,,k,k,w,w,p,w,t,p,w,n,g,0,0,0.000996461
f,y,n,t,n,f,c,b,w,t,b,s,s,w,w,p,w,o,p,k,v,d,0,0,0.0005536695
x,y,e,t,n,f,c,b,p,t,b,s,s,w,p,p,w,o,p,n,y,d,0,0,8.446826e-05
x,f,e,t,n,f,c,b,w,t,b,s,s,w,w,p,w,o,p,n,y,d,0,0,8.826487e-05
x,f,y,f,f,f,c,b,p,e,b,k,k,n,p,p,w,o,l,h,y,p,1,1,0.99977595
f,s,g,f,n,f,w,b,k,t,e,s,f,w,w,p,w,o,e,k,s,g,0,0,7.764014e-05
x,y,e,f,s,f,c,n,b,t,,k,k,w,w,p,w,o,e,w,v,l,1,1,0.9999188
x,y,e,t,n,f,c,b,w,e,,s,s,e,w,p,w,t,e,w,c,w,0,0,0.0010641271
f,s,e,f,s,f,c,n,b,t,,s,k,p,p,p,w,o,e,w,v,p,1,1,0.9998658
f,f,w,f,n,f,w,b,h,t,e,s,f,w,w,p,w,o,e,n,s,g,0,0,0.00011635235
f,y,n,f,n,f,w,n,w,e,b,s,f,w,n,p,w,o,e,w,v,l,0,0,0.0062807202
x,s,w,f,n,f,w,b,k,t,e,f,f,w,w,p,w,o,e,n,s,g,0,0,0.00014676846
x,f,g,f,f,f,c,b,g,e,b,k,k,n,b,p,w,o,l,h,v,p,1,1,0.99989057
f,f,n,t,n,f,c,b,p,t,b,s,s,p,p,p,w,o,p,n,y,d,0,0,0.00010251723
f,y,y,f,f,f,c,b,h,e,b,k,k,b,b,p,w,o,l,h,v,p,1,1,0.99989367
f,f,w,f,n,f,w,b,n,t,e,f,f,w,w,p,w,o,e,k,a,g,0,0,0.00016323652
k,s,e,f,s,f,c,n,b,t,,k,k,p,p,p,w,o,e,w,v,l,1,1,0.9999193
f,y,n,t,a,f,c,b,w,e,r,s,y,w,w,p,w,o,p,k,y,g,0,0,0.0010096423
b,f,w,f,n,f,w,b,p,e,,k,s,w,w,p,w,t,p,w,n,g,0,0,0.00095537
f,s,b,t,f,f,c,b,w,t,b,f,s,w,w,p,w,o,p,h,v,g,1,1,0.9994343
x,f,g,f,f,f,c,b,p,e,b,k,k,n,n,p,w,o,l,h,v,d,1,1,0.99989057
x,y,e,t,n,f,c,b,w,e,,s,s,e,e,p,w,t,e,w,c,w,0,0,0.0010641271
b,s,w,t,a,f,c,b,g,e,c,s,s,w,w,p,w,o,p,k,n,g,0,0,0.0009829205
x,y,y,t,a,f,c,b,w,e,c,s,s,w,w,p,w,o,p,k,s,m,0,0,0.000679272
f,s,n,f,n,f,w,b,p,t,e,f,f,w,w,p,w,o,e,n,a,g,0,0,0.00012172863
x,y,n,f,y,f,c,n,b,t,,s,k,p,w,p,w,o,e,w,v,p,1,1,0.99986494
x,y,e,t,n,f,c,b,w,t,b,s,s,p,p,p,w,o,p,k,y,d,0,0,0.00010103326
f,y,e,f,f,f,c,n,b,t,,k,k,w,w,p,w,o,e,w,v,l,1,1,0.9999293
f,y,n,f,y,f,c,n,b,t,,s,s,w,w,p,w,o,e,w,v,p,1,1,0.99986553
k,y,c,f,n,f,w,n,w,e,b,s,f,w,n,p,w,o,e,w,v,l,0,0,0.007743074
f,y,n,t,n,f,c,b,p,t,b,s,s,w,p,p,w,o,p,k,y,d,0,0,0.000119043456
x,f,w,f,n,f,w,b,n,t,e,f,f,w,w,p,w,o,e,k,a,g,0,0,0.00015090748
x,f,y,f,f,f,c,b,h,e,b,k,k,p,b,p,w,o,l,h,v,d,1,1,0.99989057
k,s,n,f,y,f,c,n,b,t,,s,k,p,p,p,w,o,e,w,v,p,1,1,0.9998658
b,s,w,f,n,f,w,b,g,e,,s,s,w,w,p,w,t,p,w,s,g,0,0,0.00030636223
f,s,g,t,f,f,c,b,w,t,b,f,s,w,w,p,w,o,p,h,s,u,1,1,0.99869066
f,y,n,t,p,f,c,n,p,e,e,s,s,w,w,p,w,o,p,k,v,g,1,1,0.9985831
x,y,y,t,l,f,c,b,n,e,c,s,s,w,w,p,w,o,p,k,n,m,0,0,0.00066938874
k,s,e,f,y,f,c,n,b,t,,s,s,p,p,p,w,o,e,w,v,l,1,1,0.99986553
x,s,w,t,l,f,c,b,w,e,c,s,s,w,w,p,w,o,p,n,s,m,0,0,0.00072431995
f,f,g,f,f,f,c,b,h,e,b,k,k,p,p,p,w,o,l,h,v,g,1,1,0.99989116
x,y,e,f,s,f,c,n,b,t,,k,k,p,w,p,w,o,e,w,v,d,1,1,0.9999081
f,s,g,t,f,f,c,b,w,t,b,s,s,w,w,p,w,o,p,h,v,g,1,1,0.99924755
x,s,n,t,p,f,c,n,n,e,e,s,s,w,w,p,w,o,p,n,v,u,1,1,0.99857306
f,f,n,t,n,f,c,b,p,t,b,s,s,w,p,p,w,o,p,n,y,d,0,0,0.00010251723
x,f,g,f,n,f,w,b,k,t,e,f,s,w,w,p,w,o,e,k,a,g,0,0,0.00011639274
k,y,n,f,f,f,c,n,b,t,,s,k,p,w,p,w,o,e,w,v,p,1,1,0.9998822
k,s,n,f,n,a,c,b,o,e,,s,s,o,o,p,n,o,p,o,c,l,0,0,0.00010866684
x,y,g,t,n,f,c,b,n,t,b,s,s,w,p,p,w,o,p,k,y,d,0,0,9.593769e-05
x,f,n,t,n,f,c,b,u,t,b,s,s,w,w,p,w,o,p,k,y,d,0,0,9.519362e-05
f,f,y,f,f,f,c,b,p,e,b,k,k,b,b,p,w,o,l,h,v,d,1,1,0.99989116
b,f,g,f,n,f,w,b,p,e,,s,s,w,w,p,w,t,p,w,n,g,0,0,0.0002023294
x,y,y,f,f,f,c,b,p,e,b,k,k,n,b,p,w,o,l,h,v,d,1,1,0.99989307
b,y,y,t,l,f,c,b,k,e,c,s,s,w,w,p,w,o,p,k,n,g,0,0,0.0007128188
x,f,n,t,n,f,c,b,n,t,b,s,s,p,w,p,w,o,p,k,y,d,0,0,9.519362e-05
f,s,g,f,n,f,w,b,k,t,e,s,s,w,w,p,w,o,e,k,a,g,0,0,7.764014e-05
f,y,e,t,n,f,c,b,p,t,b,s,s,w,p,p,w,o,p,k,v,d,0,0,0.000509773
k,y,n,f,s,f,c,n,b,t,,s,k,p,p,p,w,o,e,w,v,d,1,1,0.99973696
x,s,n,f,f,f,c,n,b,t,,s,s,p,p,p,w,o,e,w,v,d,1,1,0.9997949
f,y,g,t,n,f,c,b,n,t,b,s,s,p,p,p,w,o,p,n,v,d,0,0,0.00041324066
x,y,n,t,a,f,c,b,n,e,r,s,y,w,w,p,w,o,p,k,y,p,0,0,0.0009219294
k,s,n,f,n,a,c,b,o,e,,s,s,o,o,p,o,o,p,y,v,l,0,0,0.00054591784
x,s,w,t,f,f,c,b,w,t,b,f,s,w,w,p,w,o,p,h,v,u,1,1,0.99946314
x,s,p,f,c,f,c,n,n,e,b,s,s,w,w,p,w,o,p,k,v,d,1,1,0.9994043
f,f,y,t,l,f,w,n,n,t,b,s,s,w,w,p,w,o,p,n,v,d,0,0,0.0028778992
x,f,w,f,n,f,w,b,h,t,e,f,s,w,w,p,w,o,e,k,s,g,0,0,0.00015090748
x,f,y,f,f,f,c,b,g,e,b,k,k,p,b,p,w,o,l,h,y,d,1,1,0.99977595
f,f,n,t,n,f,c,b,p,t,b,s,s,w,g,p,w,o,p,k,v,d,0,0,0.0004944083
f,y,e,t,n,f,c,b,p,t,b,s,s,g,p,p,w,o,p,n,y,d,0,0,0.00010331845
x,s,n,f,n,a,c,b,o,e,,s,s,o,o,p,n,o,p,n,v,l,0,0,0.00044103363
x,y,n,t,n,f,c,b,u,t,b,s,s,p,p,p,w,o,p,k,v,d,0,0,0.00041085933
b,s,n,f,n,a,c,b,n,e,,s,s,o,o,p,n,o,p,y,c,l,0,0,0.00012037453
x,f,y,f,f,f,c,b,g,e,b,k,k,n,n,p,w,o,l,h,y,g,1,1,0.99977595
x,y,n,t,n,f,c,b,n,t,b,s,s,w,w,p,w,o,p,n,v,d,0,0,0.00034332616
f,y,e,f,y,f,c,n,b,t,,s,k,w,p,p,w,o,e,w,v,d,1,1,0.99973696
f,y,e,f,y,f,c,n,b,t,,k,s,w,p,p,w,o,e,w,v,l,1,1,0.9999192
x,f,e,t,n,f,c,b,w,t,b,s,s,p,w,p,w,o,p,k,v,d,0,0,0.00042641512
f,y,y,f,f,f,c,b,h,e,b,k,k,p,p,p,w,o,l,h,v,g,1,1,0.99989367
f,y,e,f,s,f,c,n,b,t,,k,s,w,p,p,w,o,e,w,v,d,1,1,0.99990845
x,s,g,f,n,f,w,b,w,e,,s,s,w,w,p,w,t,p,w,s,g,0,0,0.00018682423
f,y,b,t,n,f,c,b,w,e,,s,s,w,w,p,w,t,e,w,c,w,0,0,0.0013973429
f,y,n,f,f,f,c,n,b,t,,s,k,p,p,p,w,o,e,w,v,l,1,1,0.9998822
f,s,g,t,f,f,c,b,h,t,b,f,s,w,w,p,w,o,p,h,s,g,1,1,0.99861324
f,f,g,t,n,f,c,b,n,t,b,s,s,g,g,p,w,o,p,k,y,d,0,0,0.00011812031
x,y,e,t,n,f,c,b,n,t,b,s,s,p,g,p,w,o,p,n,y,d,0,0,8.446826e-05
f,y,n,f,f,f,c,n,b,t,,s,s,w,p,p,w,o,e,w,v,l,1,1,0.999882
b,y,w,t,l,f,c,b,n,e,c,s,s,w,w,p,w,o,p,n,s,g,0,0,0.000696678
f,f,e,t,n,f,c,b,n,t,b,s,s,w,g,p,w,o,p,k,v,d,0,0,0.0004944083
x,y,y,f,f,f,c,b,g,e,b,k,k,n,p,p,w,o,l,h,v,g,1,1,0.99989307
x,f,n,f,n,f,w,b,p,t,e,s,f,w,w,p,w,o,e,n,s,g,0,0,6.872813e-05
x,s,b,t,n,f,c,b,e,e,,s,s,w,e,p,w,t,e,w,c,w,0,0,0.0010508773
k,y,e,f,s,f,c,n,b,t,,k,s,w,p,p,w,o,e,w,v,d,1,1,0.99990845
f,f,g,f,n,f,w,b,k,t,e,f,s,w,w,p,w,o,e,n,a,g,0,0,0.000120784556
f,y,n,t,n,f,c,b,n,t,b,s,s,p,p,p,w,o,p,k,y,d,0,0,0.000119043456
f,s,n,t,n,f,c,b,w,e,b,s,s,w,w,p,w,t,p,w,y,p,0,0,0.0014529935
f,f,w,f,n,f,w,b,h,t,e,f,s,w,w,p,w,o,e,n,s,g,0,0,0.00015660112
x,y,n,t,n,f,c,b,n,t,b,s,s,p,g,p,w,o,p,k,v,d,0,0,0.00041085933
x,f,y,t,a,f,w,n,w,t,b,s,s,w,w,p,w,o,p,n,v,d,0,0,0.003003702
f,f,y,f,f,f,c,b,p,e,b,k,k,p,n,p,w,o,l,h,y,p,1,1,0.9997774
x,f,p,f,c,f,w,n,n,e,b,s,s,w,w,p,w,o,p,k,s,d,1,1,0.9982534
f,s,n,f,n,f,w,b,k,t,e,s,f,w,w,p,w,o,e,k,a,g,0,0,7.764014e-05
f,s,e,f,f,f,c,n,b,t,,k,s,w,w,p,w,o,e,w,v,l,1,1,0.9999292
f,f,g,f,n,f,w,b,p,t,e,s,s,w,w,p,w,o,e,n,a,g,0,0,7.3906194e-05
x,f,y,f,f,f,c,b,p,e,b,k,k,p,b,p,w,o,l,h,v,g,1,1,0.99989057
x,y,g,t,n,f,c,b,u,t,b,s,s,p,g,p,w,o,p,k,y,d,0,0,9.593769e-05
f,s,e,f,s,f,c,n,b,t,,s,s,p,p,p,w,o,e,w,v,l,1,1,0.99986553
x,f,w,f,n,f,w,b,n,t,e,s,f,w,w,p,w,o,e,n,s,g,0,0,0.00010820092
b,s,w,f,n,f,w,b,p,e,,s,k,w,w,p,w,t,p,w,s,g,0,0,0.00031026718
b,s,y,t,a,f,c,b,k,e,c,s,s,w,w,p,w,o,p,k,n,m,0,0,0.0007383768
x,y,e,t,n,f,c,b,u,t,b,s,s,w,p,p,w,o,p,n,v,d,0,0,0.00033786488
k,f,w,f,n,f,w,b,g,e,,k,s,w,w,p,w,t,p,w,s,g,0,0,0.0009373151
x,f,e,t,n,f,c,b,n,t,b,s,s,w,p,p,w,o,p,n,v,d,0,0,0.00032768017
x,f,e,t,n,f,c,b,p,t,b,s,s,g,p,p,w,o,p,k,v,d,0,0,0.00039847475
x,s,w,t,l,f,c,b,w,e,c,s,s,w,w,p,w,o,p,k,n,g,0,0,0.0009548322
f,y,e,f,f,f,c,n,b,t,,k,s,p,w,p,w,o,e,w,v,p,1,1,0.9999292
b,s,w,t,a,f,c,b,w,e,c,s,s,w,w,p,w,o,p,n,s,m,0,0,0.0007350137
b,f,w,f,n,f,w,b,w,e,,s,s,w,w,p,w,t,p,w,s,g,0,0,0.00030555745
x,y,g,t,n,f,c,b,p,t,b,s,s,g,g,p,w,o,p,n,y,d,0,0,8.446826e-05
f,f,g,f,f,f,c,b,p,e,b,k,k,b,b,p,w,o,l,h,v,g,1,1,0.99989116
x,f,e,t,n,f,c,b,p,t,b,s,s,p,g,p,w,o,p,k,v,d,0,0,0.00039847475
f,f,g,t,n,f,c,b,w,t,b,s,s,p,p,p,w,o,p,n,v,d,0,0,0.00042837625
f,y,y,f,f,f,c,b,p,e,b,k,k,b,n,p,w,o,l,h,v,g,1,1,0.99989367
x,y,w,t,p,f,c,n,w,e,e,s,s,w,w,p,w,o,p,k,v,u,1,1,0.9988772
x,f,w,f,n,f,w,b,k,t,e,s,f,w,w,p,w,o,e,k,a,g,0,0,0.00011212189
b,s,g,f,n,f,w,b,p,e,,s,s,w,w,p,w,t,p,w,s,g,0,0,0.00021295839
x,f,n,t,n,f,c,b,w,t,b,s,s,p,w,p,w,o,p,n,y,d,0,0,8.826487e-05
x,y,g,f,f,f,c,b,h,e,b,k,k,p,b,p,w,o,l,h,y,g,1,1,0.99977595
x,f,e,t,n,f,c,b,u,t,b,s,s,w,p,p,w,o,p,k,y,d,0,0,9.519362e-05
k,f,g,f,n,f,w,b,w,e,,k,k,w,w,p,w,t,p,w,n,g,0,0,0.000805103
x,s,g,f,n,f,w,b,g,e,,s,k,w,w,p,w,t,p,w,s,g,0,0,0.00018293173
f,f,e,t,n,f,c,b,n,t,b,s,s,p,g,p,w,o,p,k,y,d,0,0,0.00011812031
x,s,e,f,s,f,c,n,b,t,,k,k,p,p,p,w,o,e,w,v,p,1,1,0.9999188
x,s,n,f,f,f,c,n,b,t,,s,s,w,p,p,w,o,e,w,v,l,1,1,0.9998814
k,s,p,t,n,f,c,b,w,e,,s,s,e,w,p,w,t,e,w,c,w,0,0,0.0013564399
x,y,g,t,n,f,c,b,p,t,b,s,s,p,p,p,w,o,p,k,y,d,0,0,9.593769e-05
x,y,y,f,f,f,c,b,g,e,b,k,k,p,n,p,w,o,l,h,y,d,1,1,0.99977595
f,s,n,f,n,f,w,b,n,t,e,f,s,w,w,p,w,o,e,k,a,g,0,0,0.00012688662
x,s,w,t,f,f,c,b,w,t,b,f,s,w,w,p,w,o,p,h,v,g,1,1,0.9994313
k,y,p,t,n,f,c,b,e,e,,s,s,w,w,p,w,t,e,w,c,w,0,0,0.0012943527
f,y,e,f,y,f,c,n,b,t,,k,k,w,w,p,w,o,e,w,v,l,1,1,0.9999193
f,y,e,t,n,f,c,b,n,t,b,s,s,p,p,p,w,o,p,n,y,d,0,0,0.00010331845
f,y,y,f,f,f,c,b,p,e,b,k,k,b,n,p,w,o,l,h,v,p,1,1,0.99989367
f,y,e,t,n,f,c,b,p,t,b,s,s,w,g,p,w,o,p,n,v,d,0,0,0.00041324066
f,s,w,t,p,f,c,n,w,e,e,s,s,w,w,p,w,o,p,k,v,u,1,1,0.9991041
x,s,e,f,f,f,c,n,b,t,,s,k,p,p,p,w,o,e,w,v,d,1,1,0.99979526
f,y,g,f,f,f,c,b,p,e,b,k,k,b,p,p,w,o,l,h,v,g,1,1,0.99989367
f,s,e,f,y,f,c,n,b,t,,k,s,w,w,p,w,o,e,w,v,l,1,1,0.9999192
x,y,e,f,y,f,c,n,b,t,,s,k,w,w,p,w,o,e,w,v,p,1,1,0.99986494
x,f,g,f,n,f,w,b,n,t,e,s,f,w,w,p,w,o,e,k,a,g,0,0,7.121879e-05
f,y,n,f,s,f,c,n,b,t,,s,s,p,p,p,w,o,e,w,v,p,1,1,0.99986553
x,y,y,t,a,f,c,b,w,e,r,s,y,w,w,p,w,o,p,n,y,g,0,0,0.0007868798
f,f,g,f,f,f,c,b,h,e,b,k,k,b,p,p,w,o,l,h,v,p,1,1,0.99989116
x,f,g,f,f,f,c,b,p,e,b,k,k,n,b,p,w,o,l,h,y,g,1,1,0.99977595
f,s,b,t,f,f,c,b,p,t,b,s,s,w,w,p,w,o,p,h,v,u,1,1,0.9992895
f,y,e,t,n,f,c,b,n,t,b,s,s,g,p,p,w,o,p,k,v,d,0,0,0.000509773
x,f,g,f,n,f,w,b,h,t,e,f,f,w,w,p,w,o,e,n,s,g,0,0,0.00011232243
x,y,w,t,l,f,c,b,k,e,c,s,s,w,w,p,w,o,p,k,s,g,0,0,0.0008369173
f,y,n,t,n,f,c,b,u,t,b,s,s,p,p,p,w,o,p,k,y,d,0,0,0.000119043456
b,y,w,t,l,f,c,b,g,e,c,s,s,w,w,p,w,o,p,k,s,m,0,0,0.0008088028
f,y,n,f,y,f,c,n,b,t,,s,s,w,w,p,w,o,e,w,v,d,1,1,0.9997365
x,y,n,f,y,f,c,n,b,t,,k,s,w,w,p,w,o,e,w,v,p,1,1,0.9999187
x,s,n,t,p,f,c,n,n,e,e,s,s,w,w,p,w,o,p,n,s,u,1,1,0.9981059
f,y,e,f,s,f,c,n,b,t,,s,s,w,p,p,w,o,e,w,v,p,1,1,0.99986553
x,s,w,t,f,f,c,b,p,t,b,s,f,w,w,p,w,o,p,h,s,u,1,1,0.9982292
x,y,w,t,p,f,c,n,k,e,e,s,s,w,w,p,w,o,p,n,s,u,1,1,0.99799085
f,s,n,f,f,f,c,n,b,t,,k,k,w,p,p,w,o,e,w,v,p,1,1,0.9999293
f,s,e,f,s,f,c,n,b,t,,k,s,w,w,p,w,o,e,w,v,d,1,1,0.99990845
x,s,w,t,a,f,c,b,w,e,c,s,s,w,w,p,w,o,p,k,s,m,0,0,0.00088296214
b,s,w,f,n,f,w,b,p,e,,k,k,w,w,p,w,t,p,w,n,g,0,0,0.000989469
x,f,n,t,n,f,c,b,n,t,b,s,s,p,w,p,w,o,p,n,y,d,0,0,8.381314e-05
f,y,u,f,n,f,c,n,h,e,,s,f,w,w,p,w,o,f,h,v,d,0,0,0.002055035
f,y,n,f,y,f,c,n,b,t,,s,k,w,w,p,w,o,e,w,v,p,1,1,0.9998658
k,s,e,f,f,f,c,n,b,t,,k,k,p,p,p,w,o,e,w,v,p,1,1,0.9999293
x,f,p,f,c,f,c,n,n,e,b,s,s,w,w,p,w,o,p,k,v,d,1,1,0.99923766
f,y,y,f,f,f,c,b,h,e,b,k,k,p,b,p,w,o,l,h,v,g,1,1,0.99989367
x,y,e,f,y,f,c,n,b,t,,s,s,w,w,p,w,o,e,w,v,p,1,1,0.9998647
x,f,e,t,n,f,c,b,u,t,b,s,s,p,w,p,w,o,p,k,v,d,0,0,0.00040491534
x,y,n,f,s,f,c,n,b,t,,s,s,w,p,p,w,o,e,w,v,d,1,1,0.99973494
f,y,y,f,f,f,c,b,h,e,b,k,k,p,p,p,w,o,l,h,v,d,1,1,0.99989367
k,y,e,f,f,f,c,n,b,t,,k,s,w,w,p,w,o,e,w,v,l,1,1,0.9999292
x,f,y,f,f,f,c,b,h,e,b,k,k,n,n,p,w,o,l,h,v,d,1,1,0.99989057
f,y,y,t,l,f,c,b,p,e,r,s,y,w,w,p,w,o,p,n,s,g,0,0,0.0007551347
x,f,y,f,f,f,c,b,h,e,b,k,k,b,p,p,w,o,l,h,v,d,1,1,0.99989057
f,f,w,t,l,f,w,n,n,t,b,s,s,w,w,p,w,o,p,n,v,d,0,0,0.003330299
f,f,e,t,n,f,c,b,p,t,b,s,s,g,g,p,w,o,p,n,y,d,0,0,0.00010251723
f,f,n,f,n,f,w,b,n,t,e,f,s,w,w,p,w,o,e,n,s,g,0,0,0.000120784556
x,s,w,f,c,f,c,n,n,e,b,s,s,w,w,p,w,o,p,n,s,d,1,1,0.99927205
x,y,y,t,a,f,c,b,w,e,c,s,s,w,w,p,w,o,p,n,n,m,0,0,0.0005654339
x,s,g,t,f,f,c,b,h,t,b,s,f,w,w,p,w,o,p,h,s,g,1,1,0.9977518
x,y,y,f,f,f,c,b,h,e,b,k,k,p,n,p,w,o,l,h,y,d,1,1,0.99977595
x,y,y,t,a,f,c,b,w,e,c,s,s,w,w,p,w,o,p,k,s,g,0,0,0.00071304134
f,s,e,f,s,f,c,n,b,t,,k,k,w,w,p,w,o,e,w,v,d,1,1,0.99990857
f,s,e,f,s,f,c,n,b,t,,k,k,p,w,p,w,o,e,w,v,p,1,1,0.9999193
x,f,g,f,c,f,c,n,n,e,b,s,s,w,w,p,w,o,p,n,v,d,1,1,0.99900985
x,f,g,t,n,f,c,b,u,t,b,s,s,p,p,p,w,o,p,k,v,d,0,0,0.00039847475
x,y,e,f,f,f,c,n,b,t,,k,k,p,w,p,w,o,e,w,v,d,1,1,0.99992883
f,y,e,t,n,f,c,b,w,t,b,s,s,w,g,p,w,o,p,k,y,d,0,0,0.0001272415
f,f,y,f,f,f,c,b,p,e,b,k,k,b,n,p,w,o,l,h,y,p,1,1,0.9997774
x,s,p,f,c,f,c,n,g,e,b,s,s,w,w,p,w,o,p,k,v,d,1,1,0.9994043
x,y,g,f,f,f,c,b,p,e,b,k,k,b,b,p,w,o,l,h,v,p,1,1,0.99989307
f,f,w,f,n,f,w,b,n,t,e,f,s,w,w,p,w,o,e,n,s,g,0,0,0.00015660112
f,s,g,f,n,f,w,b,h,t,e,s,s,w,w,p,w,o,e,k,a,g,0,0,7.764014e-05
x,s,g,f,n,f,w,b,p,t,e,f,f,w,w,p,w,o,e,n,a,g,0,0,0.000113200265
x,y,g,t,n,f,c,b,p,t,b,s,s,w,g,p,w,o,p,n,v,d,0,0,0.00033786488
k,s,e,f,y,f,c,n,b,t,,s,s,p,p,p,w,o,e,w,v,p,1,1,0.99986553
k,s,w,f,n,f,w,b,p,e,,s,s,w,w,p,w,t,p,w,n,g,0,0,0.0003005688
x,y,n,t,l,f,c,b,n,e,r,s,y,w,w,p,w,o,p,n,y,p,0,0,0.0007779092
x,s,w,f,c,f,w,n,n,e,b,s,s,w,w,p,w,o,p,k,v,d,1,1,0.9986902
f,s,g,f,n,f,w,b,n,t,e,s,s,w,w,p,w,o,e,n,a,g,0,0,7.448388e-05
f,y,n,t,l,f,c,b,p,e,r,s,y,w,w,p,w,o,p,k,s,p,0,0,0.0009479825
k,y,n,f,y,f,c,n,b,t,,k,k,p,p,p,w,o,e,w,v,p,1,1,0.9999193
x,s,b,t,f,f,c,b,p,t,b,s,f,w,w,p,w,o,p,h,s,u,1,1,0.997938
x,y,g,f,f,f,c,b,h,e,b,k,k,b,b,p,w,o,l,h,y,d,1,1,0.99977595
k,y,n,f,y,f,c,n,b,t,,k,k,w,p,p,w,o,e,w,v,d,1,1,0.99990857
b,s,n,f,n,a,c,b,y,e,,s,s,o,o,p,o,o,p,y,c,l,0,0,0.00012037453
x,s,e,f,s,f,c,n,b,t,,s,k,p,w,p,w,o,e,w,v,p,1,1,0.99986494
k,y,e,f,y,f,c,n,b,t,,k,k,p,w,p,w,o,e,w,v,p,1,1,0.9999193
f,s,w,f,n,f,w,b,h,t,e,s,s,w,w,p,w,o,e,k,a,g,0,0,0.00012223051
f,s,g,t,f,f,c,b,p,t,b,s,f,w,w,p,w,o,p,h,s,u,1,1,0.9979673
x,y,n,f,y,f,c,n,b,t,,s,s,w,w,p,w,o,e,w,v,l,1,1,0.9998647
x,y,n,t,p,f,c,n,p,e,e,s,s,w,w,p,w,o,p,k,s,u,1,1,0.9981079
f,y,e,f,y,f,c,n,b,t,,s,k,w,w,p,w,o,e,w,v,d,1,1,0.99973696
f,f,g,f,n,f,w,b,p,t,e,f,s,w,w,p,w,o,e,n,s,g,0,0,0.000120784556
f,y,n,f,s,f,c,n,b,t,,s,s,p,w,p,w,o,e,w,v,l,1,1,0.99986553
f,f,e,t,n,f,c,b,n,t,b,s,s,w,p,p,w,o,p,k,y,d,0,0,0.00011812031
f,s,w,f,n,f,w,b,k,t,e,f,f,w,w,p,w,o,e,k,s,g,0,0,0.00016451236
f,f,g,t,n,f,c,b,n,t,b,s,s,w,w,p,w,o,p,n,v,d,0,0,0.00040726224
f,s,n,f,f,f,c,n,b,t,,s,s,w,w,p,w,o,e,w,v,p,1,1,0.999882
x,s,b,t,f,f,c,b,p,t,b,s,f,w,w,p,w,o,p,h,v,u,1,1,0.9992793
f,f,g,f,f,f,c,b,g,e,b,k,k,p,p,p,w,o,l,h,y,g,1,1,0.9997774
x,f,n,t,n,f,c,b,w,t,b,s,s,g,g,p,w,o,p,n,y,d,0,0,8.826487e-05
x,s,w,t,l,f,c,b,w,e,c,s,s,w,w,p,w,o,p,k,s,m,0,0,0.0008701178
x,s,w,f,n,f,w,b,w,e,,k,k,w,w,p,w,t,p,w,s,g,0,0,0.00092826324
f,y,n,t,n,f,c,b,w,t,b,s,s,p,w,p,w,o,p,k,v,d,0,0,0.0005536695
f,f,n,f,n,f,w,b,k,t,e,f,s,w,w,p,w,o,e,k,a,g,0,0,0.00012590254
x,y,n,t,l,f,c,b,w,e,r,s,y,w,w,p,w,o,p,n,s,g,0,0,0.0008398003
x,f,y,f,f,f,c,b,h,e,b,k,k,b,n,p,w,o,l,h,v,g,1,1,0.99989057
x,s,n,f,s,f,c,n,b,t,,s,s,w,w,p,w,o,e,w,v,d,1,1,0.99973494
x,s,n,f,n,a,c,b,y,e,,s,s,o,o,p,n,o,p,n,v,l,0,0,0.00044103363
f,s,w,t,n,f,c,b,r,e,b,s,s,w,w,p,w,t,p,r,v,m,1,1,0.99501485
x,f,w,f,n,f,w,b,h,t,e,f,s,w,w,p,w,o,e,k,a,g,0,0,0.00015090748
b,y,w,t,l,f,c,b,w,e,c,s,s,w,w,p,w,o,p,k,s,g,0,0,0.00084900693
f,y,e,t,n,f,c,b,p,t,b,s,s,w,g,p,w,o,p,k,v,d,0,0,0.000509773
x,s,g,t,f,f,c,b,h,t,b,s,s,w,w,p,w,o,p,h,s,u,1,1,0.997938
f,y,n,f,y,f,c,n,b,t,,k,s,p,w,p,w,o,e,w,v,d,1,1,0.99990845
x,y,n,f,f,f,c,n,b,t,,s,s,w,p,p,w,o,e,w,v,d,1,1,0.9997949
x,y,e,f,y,f,c,n,b,t,,k,s,p,p,p,w,o,e,w,v,d,1,1,0.99990785
f,s,e,f,f,f,c,n,b,t,,k,s,p,p,p,w,o,e,w,v,d,1,1,0.9999292
x,s,w,t,a,f,w,n,n,t,b,s,s,w,w,p,w,o,p,n,v,d,0,0,0.0064788796
f,f,y,f,f,f,c,b,h,e,b,k,k,n,b,p,w,o,l,h,v,p,1,1,0.99989116
f,y,y,f,f,f,c,b,g,e,b,k,k,n,p,p,w,o,l,h,v,p,1,1,0.99989367
x,y,y,t,l,f,c,b,w,e,c,s,s,w,w,p,w,o,p,n,n,g,0,0,0.00058491103
s,f,g,f,n,f,c,n,k,e,e,s,s,w,w,p,w,o,p,n,y,u,0,0,0.0014357215
f,y,n,f,y,f,c,n,b,t,,s,k,w,p,p,w,o,e,w,v,p,1,1,0.9998658
f,s,b,t,f,f,c,b,w,t,b,f,f,w,w,p,w,o,p,h,s,u,1,1,0.99869066
b,s,w,f,n,f,w,b,p,e,,k,k,w,w,p,w,t,p,w,s,g,0,0,0.000989469
x,f,g,f,f,f,c,b,h,e,b,k,k,p,b,p,w,o,l,h,y,p,1,1,0.99977595
k,y,e,f,s,f,c,n,b,t,,s,s,p,p,p,w,o,e,w,v,d,1,1,0.9997365
x,y,n,t,l,f,c,b,w,e,r,s,y,w,w,p,w,o,p,n,s,p,0,0,0.0007779092
f,y,g,f,f,f,c,b,g,e,b,k,k,b,n,p,w,o,l,h,y,g,1,1,0.99977726
k,y,n,f,f,f,c,n,b,t,,k,s,p,p,p,w,o,e,w,v,p,1,1,0.9999292
x,s,n,f,s,f,c,n,b,t,,s,s,w,p,p,w,o,e,w,v,p,1,1,0.9998647
f,y,g,f,f,f,c,b,h,e,b,k,k,p,b,p,w,o,l,h,v,d,1,1,0.99989367
b,s,y,t,l,f,c,b,g,e,c,s,s,w,w,p,w,o,p,k,s,g,0,0,0.00079848757
f,f,e,t,n,f,c,b,u,t,b,s,s,g,g,p,w,o,p,n,y,d,0,0,0.00010251723
f,s,e,f,y,f,c,n,b,t,,k,s,p,p,p,w,o,e,w,v,d,1,1,0.99990845
x,f,g,t,n,f,c,b,n,t,b,s,s,g,p,p,w,o,p,k,v,d,0,0,0.00039847475
f,y,n,t,p,f,c,n,p,e,e,s,s,w,w,p,w,o,p,n,s,g,1,1,0.99742824
x,y,y,f,f,f,c,b,g,e,b,k,k,p,b,p,w,o,l,h,y,d,1,1,0.99977595
b,y,b,t,n,f,c,b,g,e,b,s,s,w,w,p,w,t,p,r,v,g,1,1,0.9886048
f,y,u,f,n,f,c,n,w,e,,s,f,w,w,p,w,o,f,h,y,d,0,0,0.0017688636
x,s,g,f,n,f,w,b,k,t,e,s,f,w,w,p,w,o,e,n,s,g,0,0,6.926528e-05
x,y,e,t,n,f,c,b,u,t,b,s,s,w,g,p,w,o,p,n,v,d,0,0,0.00033786488
f,f,n,t,n,f,c,b,w,t,b,s,s,w,g,p,w,o,p,k,y,d,0,0,0.00012625467
x,y,w,f,n,f,c,n,w,e,,s,f,w,w,p,w,o,f,h,y,d,0,0,0.006479365
f,s,n,f,y,f,c,n,b,t,,k,s,w,p,p,w,o,e,w,v,p,1,1,0.9999192
f,y,g,f,f,f,c,b,g,e,b,k,k,b,n,p,w,o,l,h,y,p,1,1,0.99977726
x,f,n,t,n,f,c,b,w,t,b,s,s,w,p,p,w,o,p,n,v,d,0,0,0.00034508013
x,y,p,t,n,f,c,b,e,e,,s,s,e,w,p,w,t,e,w,c,w,0,0,0.0010433625
k,s,e,f,s,f,c,n,b,t,,k,s,w,w,p,w,o,e,w,v,l,1,1,0.9999192
x,s,n,f,s,f,c,n,b,t,,s,s,p,w,p,w,o,e,w,v,l,1,1,0.9998647
x,f,n,f,n,f,c,n,n,e,e,s,s,w,w,p,w,o,p,n,v,u,0,0,0.002002241
x,f,w,t,a,f,w,n,n,t,b,s,s,w,w,p,w,o,p,n,v,d,0,0,0.003432891
k,s,n,f,n,a,c,b,o,e,,s,s,o,o,p,o,o,p,o,c,l,0,0,0.00010866684
f,y,n,t,a,f,c,b,w,e,r,s,y,w,w,p,w,o,p,k,y,p,0,0,0.0009352459
x,s,n,t,p,f,c,n,w,e,e,s,s,w,w,p,w,o,p,k,v,g,1,1,0.998887
x,y,y,t,l,f,c,b,k,e,c,s,s,w,w,p,w,o,p,n,s,m,0,0,0.000557206
k,s,e,f,s,f,c,n,b,t,,s,k,p,p,p,w,o,e,w,v,l,1,1,0.9998658
x,s,y,t,l,f,c,b,w,e,c,s,s,w,w,p,w,o,p,n,s,m,0,0,0.0005970695
f,s,n,f,n,f,w,b,k,t,e,s,s,w,w,p,w,o,e,k,s,g,0,0,7.764014e-05
f,y,e,t,n,f,c,b,p,t,b,s,s,p,p,p,w,o,p,n,v,d,0,0,0.00041324066
k,y,e,f,f,f,c,n,b,t,,k,s,w,p,p,w,o,e,w,v,p,1,1,0.9999292
f,y,y,f,f,f,c,b,p,e,b,k,k,n,p,p,w,o,l,h,y,d,1,1,0.99977726
k,g,w,t,n,f,w,n,w,e,b,s,s,w,w,p,w,o,p,w,c,l,1,1,0.931157
f,f,g,f,f,f,c,b,h,e,b,k,k,b,b,p,w,o,l,h,y,d,1,1,0.9997774
x,y,e,t,n,f,c,b,w,t,b,s,s,w,p,p,w,o,p,k,y,d,0,0,0.00010103326
f,f,g,f,n,f,w,b,n,t,e,s,f,w,w,p,w,o,e,n,s,g,0,0,7.3906194e-05
f,f,g,t,n,f,c,b,n,t,b,s,s,p,g,p,w,o,p,n,v,d,0,0,0.0004007843
f,y,n,t,n,f,c,b,n,t,b,s,s,p,p,p,w,o,p,n,y,d,0,0,0.00010331845
f,y,n,t,l,f,c,b,p,e,r,s,y,w,w,p,w,o,p,k,s,g,0,0,0.0010233909
k,y,n,f,y,f,c,n,b,t,,k,s,w,w,p,w,o,e,w,v,l,1,1,0.9999192
f,s,e,f,s,f,c,n,b,t,,s,k,p,p,p,w,o,e,w,v,l,1,1,0.9998658
x,s,w,t,p,f,c,n,k,e,e,s,s,w,w,p,w,o,p,k,s,g,1,1,0.9986167
f,y,g,f,f,f,c,b,h,e,b,k,k,b,n,p,w,o,l,h,y,p,1,1,0.99977726
x,f,n,t,n,f,c,b,n,t,b,s,s,p,p,p,w,o,p,k,v,d,0,0,0.00039847475
k,y,y,f,n,f,w,n,w,e,c,y,y,y,y,p,y,o,e,w,c,l,1,1,0.97610056
x,s,g,t,f,f,c,b,h,t,b,f,s,w,w,p,w,o,p,h,v,g,1,1,0.9994261
k,f,g,f,n,f,w,b,p,e,,k,s,w,w,p,w,t,p,w,s,g,0,0,0.0007573067
f,y,g,f,f,f,c,b,p,e,b,k,k,p,p,p,w,o,l,h,y,p,1,1,0.99977726
f,y,n,f,y,f,c,n,b,t,,k,s,w,p,p,w,o,e,w,v,p,1,1,0.9999192
x,y,n,f,s,f,c,n,b,t,,k,k,w,p,p,w,o,e,w,v,d,1,1,0.9999081
b,s,y,t,a,f,c,b,w,e,c,s,s,w,w,p,w,o,p,k,s,g,0,0,0.0008102754
f,f,g,f,f,f,c,b,h,e,b,k,k,n,b,p,w,o,l,h,y,p,1,1,0.9997774
f,f,e,t,n,f,c,b,u,t,b,s,s,w,w,p,w,o,p,k,v,d,0,0,0.0005023987
x,f,w,f,n,f,w,b,h,t,e,s,f,w,w,p,w,o,e,k,s,g,0,0,0.00011212189
x,s,n,f,s,f,c,n,b,t,,k,k,w,p,p,w,o,e,w,v,l,1,1,0.9999188
x,y,n,t,n,f,c,b,w,t,b,s,s,p,p,p,w,o,p,k,v,d,0,0,0.00043267457
f,y,y,t,a,f,c,b,w,e,r,s,y,w,w,p,w,o,p,k,s,p,0,0,0.00091450475
k,y,e,f,y,f,c,n,b,t,,k,k,p,p,p,w,o,e,w,v,p,1,1,0.9999193
f,y,g,f,f,f,c,b,p,e,b,k,k,n,p,p,w,o,l,h,v,g,1,1,0.99989367
k,y,n,f,f,f,c,n,b,t,,k,k,w,p,p,w,o,e,w,v,p,1,1,0.9999293
x,s,e,t,n,f,c,b,e,e,,s,s,e,w,p,w,t,e,w,c,w,0,0,0.0010216006
x,y,n,f,s,f,c,n,b,t,,k,k,p,w,p,w,o,e,w,v,l,1,1,0.9999188
k,s,e,f,s,f,c,n,b,t,,k,s,p,p,p,w,o,e,w,v,d,1,1,0.99990845
f,f,n,f,n,f,w,b,n,t,e,f,s,w,w,p,w,o,e,n,a,g,0,0,0.000120784556
b,f,g,f,n,f,w,b,g,e,,s,k,w,w,p,w,t,p,w,s,g,0,0,0.0002049088
x,f,w,f,n,f,w,b,w,e,,k,s,w,w,p,w,t,p,w,s,g,0,0,0.00089627167
f,y,e,t,n,f,c,b,n,t,b,s,s,g,p,p,w,o,p,k,y,d,0,0,0.000119043456
x,s,b,t,f,f,c,b,h,t,b,f,s,w,w,p,w,o,p,h,v,g,1,1,0.9994261
f,y,n,t,n,f,c,b,p,t,b,s,s,w,w,p,w,o,p,n,y,d,0,0,0.00010331845
x,y,y,t,l,f,c,b,n,e,c,s,s,w,w,p,w,o,p,n,s,m,0,0,0.000557206
f,y,e,f,s,f,c,n,b,t,,k,k,w,p,p,w,o,e,w,v,l,1,1,0.9999193
f,s,w,f,n,f,w,b,p,t,e,s,f,w,w,p,w,o,e,k,a,g,0,0,0.00012223051
x,y,y,f,f,f,c,b,p,e,b,k,k,n,p,p,w,o,l,h,v,g,1,1,0.99989307
x,s,n,f,n,f,w,b,p,t,e,f,s,w,w,p,w,o,e,n,a,g,0,0,0.000113200265
x,y,b,t,n,f,c,b,e,e,,s,s,e,e,p,w,t,e,w,c,w,0,0,0.0010554856
b,s,w,t,l,f,c,b,g,e,c,s,s,w,w,p,w,o,p,k,s,m,0,0,0.00088268664
x,s,n,f,s,f,c,n,b,t,,s,k,w,w,p,w,o,e,w,v,l,1,1,0.99986494
k,y,n,f,y,f,c,n,b,t,,k,k,w,p,p,w,o,e,w,v,p,1,1,0.9999193
x,f,n,t,n,f,c,b,w,t,b,s,s,w,p,p,w,o,p,k,v,d,0,0,0.0004196327
f,f,n,f,n,f,w,b,k,t,e,s,s,w,w,p,w,o,e,k,a,g,0,0,7.703797e-05
k,f,c,f,n,f,w,n,w,e,b,s,s,w,n,p,w,o,e,w,v,l,0,0,0.0056643
x,s,w,t,a,f,w,n,n,t,b,s,s,w,w,p,w,o,p,u,v,d,0,0,0.008073615
k,y,e,f,s,f,c,n,b,t,,s,k,p,p,p,w,o,e,w,v,l,1,1,0.9998658
x,f,y,f,f,f,c,b,g,e,b,k,k,n,b,p,w,o,l,h,v,g,1,1,0.99989057
x,f,g,t,n,f,c,b,u,t,b,s,s,g,p,p,w,o,p,k,y,d,0,0,9.519362e-05
f,s,n,f,y,f,c,n,b,t,,k,k,p,p,p,w,o,e,w,v,p,1,1,0.9999193
f,s,e,f,f,f,c,n,b,t,,k,k,w,w,p,w,o,e,w,v,l,1,1,0.9999293
x,y,y,t,a,f,c,b,k,e,c,s,s,w,w,p,w,o,p,n,n,g,0,0,0.00059354777
f,y,y,f,f,f,c,b,g,e,b,k,k,n,b,p,w,o,l,h,v,d,1,1,0.99989367
x,y,n,t,l,f,c,b,n,e,r,s,y,w,w,p,w,o,p,n,s,g,0,0,0.0008398003
x,y,y,t,a,f,c,b,n,e,r,s,y,w,w,p,w,o,p,k,s,p,0,0,0.00090148323
f,s,g,f,n,f,w,b,n,t,e,f,s,w,w,p,w,o,e,n,a,g,0,0,0.00012172863
x,y,e,t,n,f,c,b,n,t,b,s,s,w,w,p,w,o,p,k,y,d,0,0,9.593769e-05
f,y,n,f,f,f,c,n,b,t,,s,s,w,w,p,w,o,e,w,v,d,1,1,0.9997961
b,s,y,t,l,f,c,b,n,e,c,s,s,w,w,p,w,o,p,k,s,g,0,0,0.00079848757
x,f,w,f,n,f,w,b,k,t,e,f,f,w,w,p,w,o,e,k,s,g,0,0,0.00015090748
x,f,e,t,n,f,c,b,p,t,b,s,s,p,g,p,w,o,p,n,v,d,0,0,0.00032768017
k,y,e,f,y,f,c,n,b,t,,s,k,p,p,p,w,o,e,w,v,d,1,1,0.99973696
x,f,e,t,n,f,c,b,p,t,b,s,s,w,p,p,w,o,p,n,v,d,0,0,0.00032768017
b,s,n,f,n,a,c,b,o,e,,s,s,o,o,p,n,o,p,o,c,l,0,0,0.00012037453
f,y,g,t,n,f,c,b,u,t,b,s,s,w,p,p,w,o,p,k,v,d,0,0,0.000509773
x,s,w,f,n,f,w,b,p,e,,s,k,w,w,p,w,t,p,w,s,g,0,0,0.00028141227
k,s,n,f,n,a,c,b,y,e,,s,s,o,o,p,n,o,p,o,v,l,0,0,0.00054591784
x,s,y,t,a,f,c,b,n,e,c,s,s,w,w,p,w,o,p,k,s,m,0,0,0.00072786136
b,s,w,t,l,f,c,b,n,e,c,s,s,w,w,p,w,o,p,n,n,g,0,0,0.00079485006
f,y,n,t,n,f,c,b,w,t,b,s,s,w,p,p,w,o,p,k,y,d,0,0,0.0001272415
x,y,n,t,l,f,c,b,n,e,r,s,y,w,w,p,w,o,p,n,s,p,0,0,0.0007779092
x,f,y,f,f,f,c,b,h,e,b,k,k,p,n,p,w,o,l,h,y,g,1,1,0.99977595
x,y,g,t,n,f,c,b,n,t,b,s,s,g,w,p,w,o,p,k,y,d,0,0,9.593769e-05
x,s,g,f,n,f,w,b,k,t,e,f,s,w,w,p,w,o,e,n,s,g,0,0,0.000113200265
x,y,n,f,n,f,c,b,w,e,b,y,y,n,n,p,w,t,p,w,y,p,0,0,0.0011339097
x,f,g,f,f,f,c,b,h,e,b,k,k,p,p,p,w,o,l,h,y,p,1,1,0.99977595
x,f,g,f,n,f,w,b,p,t,e,f,f,w,w,p,w,o,e,k,s,g,0,0,0.00011639274
x,y,y,f,f,f,c,b,p,e,b,k,k,p,p,p,w,o,l,h,y,g,1,1,0.99977595
x,s,g,f,n,f,w,b,n,t,e,f,s,w,w,p,w,o,e,k,a,g,0,0,0.00011730238
x,s,e,f,f,f,c,n,b,t,,s,s,p,p,p,w,o,e,w,v,l,1,1,0.9998814
x,y,e,t,n,f,c,b,w,t,b,s,s,g,g,p,w,o,p,n,v,d,0,0,0.0003558058
x,s,w,f,c,f,c,n,n,e,b,s,s,w,w,p,w,o,p,k,v,d,1,1,0.9994672
f,f,g,f,n,f,w,b,n,t,e,s,f,w,w,p,w,o,e,k,s,g,0,0,7.703797e-05
x,s,b,t,f,f,c,b,h,t,b,f,s,w,w,p,w,o,p,h,s,g,1,1,0.9985933
x,f,g,t,n,f,c,b,u,t,b,s,s,p,g,p,w,o,p,k,y,d,0,0,9.519362e-05
f,s,n,f,f,f,c,n,b,t,,k,s,p,p,p,w,o,e,w,v,l,1,1,0.9999292
x,y,g,t,n,f,c,b,n,t,b,s,s,p,g,p,w,o,p,k,y,d,0,0,9.593769e-05
x,f,g,t,n,f,c,b,u,t,b,s,s,g,p,p,w,o,p,n,v,d,0,0,0.00032768017
x,y,e,f,y,f,c,n,b,t,,k,k,w,p,p,w,o,e,w,v,p,1,1,0.9999188
x,f,n,f,n,f,w,b,h,t,e,s,s,w,w,p,w,o,e,n,a,g,0,0,6.872813e-05
f,s,n,t,n,f,c,b,e,e,,s,s,w,w,p,w,t,e,w,c,w,0,0,0.0012849573
x,y,g,f,f,f,c,b,p,e,b,k,k,n,b,p,w,o,l,h,v,g,1,1,0.99989307
x,y,y,f,f,f,c,b,h,e,b,k,k,n,p,p,w,o,l,h,v,d,1,1,0.99989307
f,y,n,t,p,f,c,n,w,e,e,s,s,w,w,p,w,o,p,k,v,u,1,1,0.9987111
f,f,g,f,f,f,c,b,p,e,b,k,k,b,p,p,w,o,l,h,y,g,1,1,0.9997774
f,f,w,t,l,f,w,n,w,t,b,s,s,w,w,p,w,o,p,n,v,d,0,0,0.003330299
k,y,n,f,y,f,c,n,b,t,,s,s,p,p,p,w,o,e,w,v,d,1,1,0.9997365
f,f,y,f,f,f,c,b,g,e,b,k,k,b,n,p,w,o,l,h,v,p,1,1,0.99989116
x,s,e,f,y,f,c,n,b,t,,s,k,p,p,p,w,o,e,w,v,d,1,1,0.9997354
x,y,n,t,n,f,c,b,n,t,b,s,s,p,p,p,w,o,p,k,y,d,0,0,9.593769e-05
f,y,n,t,p,f,c,n,w,e,e,s,s,w,w,p,w,o,p,k,s,g,1,1,0.99794954
f,s,w,t,a,f,w,n,w,t,b,s,s,w,w,p,w,o,p,u,v,d,0,0,0.008189386
x,s,w,t,p,f,c,n,k,e,e,s,s,w,w,p,w,o,p,n,v,g,1,1,0.99871147
x,y,n,f,f,f,c,n,b,t,,s,s,p,w,p,w,o,e,w,v,p,1,1,0.9998814
x,f,n,t,n,f,c,b,n,t,b,s,s,g,w,p,w,o,p,n,v,d,0,0,0.00033297643
x,f,y,f,f,f,c,b,g,e,b,k,k,p,p,p,w,o,l,h,y,g,1,1,0.99977595
x,s,e,f,f,f,c,n,b,t,,s,k,w,p,p,w,o,e,w,v,d,1,1,0.99979526
f,f,e,t,n,f,c,b,u,t,b,s,s,p,w,p,w,o,p,n,v,d,0,0,0.00040726224
x,f,p,f,c,f,w,n,g,e,b,s,s,w,w,p,w,o,p,n,v,d,1,1,0.9978331
x,s,y,t,a,f,c,b,w,e,c,s,s,w,w,p,w,o,p,n,n,g,0,0,0.00066489103
x,y,n,t,n,f,c,b,w,t,b,s,s,w,w,p,w,o,p,n,y,d,0,0,8.89547e-05
b,s,w,t,l,f,c,b,k,e,c,s,s,w,w,p,w,o,p,k,s,g,0,0,0.00096862356
f,f,e,t,n,f,c,b,n,t,b,s,s,g,w,p,w,o,p,n,v,d,0,0,0.00040726224
f,f,y,f,f,f,c,b,g,e,b,k,k,b,b,p,w,o,l,h,v,d,1,1,0.99989116
x,y,w,t,a,f,c,b,w,e,c,s,s,w,w,p,w,o,p,n,n,m,0,0,0.0006734822
x,f,n,t,n,f,c,b,n,t,b,s,s,w,p,p,w,o,p,n,y,d,0,0,8.381314e-05
b,f,g,f,n,f,w,b,w,e,,k,s,w,w,p,w,t,p,w,s,g,0,0,0.0008664263
k,y,e,f,s,f,c,n,b,t,,k,s,p,p,p,w,o,e,w,v,p,1,1,0.9999192
k,y,e,f,s,f,c,n,b,t,,s,s,w,w,p,w,o,e,w,v,p,1,1,0.99986553
x,f,e,t,n,f,c,b,p,t,b,s,s,g,w,p,w,o,p,k,y,d,0,0,9.519362e-05
x,f,n,t,n,f,c,b,w,t,b,s,s,w,w,p,w,o,p,k,y,d,0,0,0.000100249774
x,f,y,f,f,f,c,b,h,e,b,k,k,p,b,p,w,o,l,h,v,p,1,1,0.99989057
f,y,n,t,n,f,c,b,u,t,b,s,s,w,w,p,w,o,p,k,v,d,0,0,0.00051801157
f,y,w,t,p,f,c,n,p,e,e,s,s,w,w,p,w,o,p,k,s,u,1,1,0.99839824
x,s,e,f,f,f,c,n,b,t,,k,s,w,p,p,w,o,e,w,v,l,1,1,0.9999287
x,s,n,f,f,f,c,n,b,t,,k,k,w,p,p,w,o,e,w,v,l,1,1,0.99992883
x,y,e,t,n,f,c,b,w,t,b,s,s,g,w,p,w,o,p,n,v,d,0,0,0.00036155697
f,y,g,t,n,f,c,b,n,t,b,s,s,p,w,p,w,o,p,n,v,d,0,0,0.00041991982
k,s,w,f,n,f,w,b,p,e,,k,k,w,w,p,w,t,p,w,s,g,0,0,0.00097077026
b,s,y,t,l,f,c,b,k,e,c,s,s,w,w,p,w,o,p,n,n,g,0,0,0.0006552169
f,f,y,f,f,f,c,b,h,e,b,k,k,b,b,p,w,o,l,h,y,p,1,1,0.9997774
x,y,g,f,f,f,c,b,p,e,b,k,k,b,p,p,w,o,l,h,v,p,1,1,0.99989307
b,f,n,f,n,f,c,n,w,e,,k,y,w,y,p,w,o,e,w,v,d,1,1,0.9913161
f,y,e,f,y,f,c,n,b,t,,s,k,w,p,p,w,o,e,w,v,p,1,1,0.9998658
x,s,n,f,f,f,c,n,b,t,,s,s,p,p,p,w,o,e,w,v,p,1,1,0.9998814
x,s,g,t,f,f,c,b,p,t,b,f,f,w,w,p,w,o,p,h,v,u,1,1,0.99945813
f,y,y,f,f,f,c,b,g,e,b,k,k,p,b,p,w,o,l,h,y,p,1,1,0.99977726
x,y,g,f,f,f,c,b,h,e,b,k,k,n,p,p,w,o,l,h,v,p,1,1,0.99989307
x,f,n,t,n,f,c,b,n,t,b,s,s,p,g,p,w,o,p,k,y,d,0,0,9.519362e-05
x,f,g,f,f,f,c,b,g,e,b,k,k,p,b,p,w,o,l,h,v,d,1,1,0.99989057
x,y,y,t,l,f,c,b,w,e,c,s,s,w,w,p,w,o,p,k,s,m,0,0,0.00066938874
f,s,e,f,y,f,c,n,b,t,,k,k,w,w,p,w,o,e,w,v,d,1,1,0.99990857
x,f,g,t,n,f,c,b,n,t,b,s,s,w,p,p,w,o,p,n,v,d,0,0,0.00032768017
k,y,e,f,f,f,c,n,b,t,,k,k,w,p,p,w,o,e,w,v,l,1,1,0.9999293
f,y,e,t,n,f,c,b,p,t,b,s,s,p,w,p,w,o,p,k,v,d,0,0,0.00051801157
b,s,w,f,n,f,w,b,g,e,,k,k,w,w,p,w,t,p,w,n,g,0,0,0.000989469
x,y,n,t,n,f,c,b,p,t,b,s,s,g,g,p,w,o,p,n,y,d,0,0,8.446826e-05
x,y,e,t,n,f,c,b,e,e,,s,s,w,w,p,w,t,e,w,c,w,0,0,0.0010260806
f,f,y,f,f,f,c,b,h,e,b,k,k,b,n,p,w,o,l,h,v,g,1,1,0.99989116
f,f,g,t,n,f,c,b,u,t,b,s,s,p,w,p,w,o,p,k,y,d,0,0,0.00011812031
x,f,w,f,c,f,w,n,n,e,b,s,s,w,w,p,w,o,p,n,s,d,1,1,0.9981012
k,s,n,f,n,a,c,b,n,e,,s,s,o,o,p,n,o,p,o,c,l,0,0,0.00010866684
f,s,b,t,f,f,c,b,p,t,b,f,f,w,w,p,w,o,p,h,v,u,1,1,0.9994659
x,y,g,t,n,f,c,b,u,t,b,s,s,p,g,p,w,o,p,k,v,d,0,0,0.00041085933
x,y,y,t,l,f,c,b,k,e,c,s,s,w,w,p,w,o,p,n,s,g,0,0,0.00058491103
x,f,n,f,n,f,w,b,p,t,e,f,s,w,w,p,w,o,e,n,s,g,0,0,0.00011232243
f,s,w,t,a,f,w,n,p,t,b,s,s,w,w,p,w,o,p,u,v,d,0,0,0.008189386
x,s,g,f,n,f,w,b,h,t,e,f,f,w,w,p,w,o,e,k,a,g,0,0,0.00011730238
x,y,g,f,f,f,c,b,p,e,b,k,k,p,p,p,w,o,l,h,y,p,1,1,0.99977595
f,y,g,f,f,f,c,b,p,e,b,k,k,n,b,p,w,o,l,h,v,p,1,1,0.99989367
k,s,n,f,s,f,c,n,b,t,,k,s,p,w,p,w,o,e,w,v,l,1,1,0.9999192
f,y,e,f,f,f,c,n,b,t,,s,k,w,p,p,w,o,e,w,v,d,1,1,0.99979645
f,f,e,t,n,f,c,b,n,t,b,s,s,g,p,p,w,o,p,k,y,d,0,0,0.00011812031
f,y,g,t,n,f,c,b,p,t,b,s,s,w,g,p,w,o,p,n,v,d,0,0,0.00041324066
f,f,g,t,n,f,c,b,n,t,b,s,s,g,p,p,w,o,p,n,v,d,0,0,0.0004007843
f,f,y,f,f,f,c,b,h,e,b,k,k,p,p,p,w,o,l,h,y,p,1,1,0.9997774
k,y,n,f,s,f,c,n,b,t,,k,k,w,p,p,w,o,e,w,v,p,1,1,0.9999193
f,y,n,f,y,f,c,n,b,t,,s,k,p,w,p,w,o,e,w,v,l,1,1,0.9998658
f,f,g,f,f,f,c,b,h,e,b,k,k,b,n,p,w,o,l,h,y,p,1,1,0.9997774
f,y,e,t,n,f,c,b,p,t,b,s,s,p,p,p,w,o,p,k,y,d,0,0,0.000119043456
f,s,n,t,p,f,c,n,n,e,e,s,s,w,w,p,w,o,p,k,v,g,1,1,0.9989028
x,y,e,f,f,f,c,n,b,t,,k,s,p,p,p,w,o,e,w,v,l,1,1,0.9999287
f,f,y,f,f,f,c,b,h,e,b,k,k,n,p,p,w,o,l,h,v,d,1,1,0.99989116
x,f,e,t,n,f,c,b,p,t,b,s,s,p,w,p,w,o,p,n,y,d,0,0,8.381314e-05
x,f,y,f,f,f,c,b,h,e,b,k,k,n,p,p,w,o,l,h,v,d,1,1,0.99989057
k,s,e,f,y,f,c,n,b,t,,s,k,p,p,p,w,o,e,w,v,d,1,1,0.99973696
f,y,n,f,s,f,c,n,b,t,,s,k,w,w,p,w,o,e,w,v,d,1,1,0.99973696
x,f,g,t,n,f,c,b,p,t,b,s,s,w,p,p,w,o,p,k,v,d,0,0,0.00039847475
x,s,g,t,f,f,c,b,h,t,b,f,s,w,w,p,w,o,p,h,s,g,1,1,0.9985933
x,s,e,f,y,f,c,n,b,t,,k,s,w,w,p,w,o,e,w,v,d,1,1,0.99990785
x,s,n,f,n,f,w,b,k,t,e,s,f,w,w,p,w,o,e,n,a,g,0,0,6.926528e-05
x,y,y,t,l,f,c,b,g,e,c,s,s,w,w,p,w,o,p,k,s,m,0,0,0.00066938874
x,f,n,f,n,f,c,n,n,e,e,s,s,w,w,p,w,o,p,k,v,u,0,0,0.002216824
f,y,g,t,n,f,c,b,p,t,b,s,s,w,p,p,w,o,p,k,y,d,0,0,0.000119043456
f,s,e,f,y,f,c,n,b,t,,k,k,w,w,p,w,o,e,w,v,p,1,1,0.9999193
k,y,e,f,s,f,c,n,b,t,,k,k,w,w,p,w,o,e,w,v,d,1,1,0.99990857
x,y,e,t,n,f,c,b,w,t,b,s,s,w,p,p,w,o,p,n,y,d,0,0,8.89547e-05
b,s,y,t,a,f,c,b,n,e,c,s,s,w,w,p,w,o,p,k,n,m,0,0,0.0007383768
f,s,e,f,s,f,c,n,b,t,,k,k,w,p,p,w,o,e,w,v,d,1,1,0.99990857
x,f,e,t,n,f,c,b,u,t,b,s,s,w,p,p,w,o,p,n,v,d,0,0,0.00032768017
k,s,n,f,n,a,c,b,n,e,,s,s,o,o,p,o,o,p,o,v,l,0,0,0.00054591784
k,s,e,f,y,f,c,n,b,t,,s,s,w,w,p,w,o,e,w,v,l,1,1,0.99986553
x,y,w,t,l,f,c,b,g,e,c,s,s,w,w,p,w,o,p,n,n,m,0,0,0.0006636831
x,y,n,f,y,f,c,n,b,t,,s,k,p,w,p,w,o,e,w,v,d,1,1,0.9997354
f,f,e,t,n,f,c,b,u,t,b,s,s,p,g,p,w,o,p,k,v,d,0,0,0.0004944083
f,y,n,f,n,f,c,b,w,e,b,y,y,n,n,p,w,t,p,w,y,d,0,0,0.0015345666
k,y,n,f,s,f,c,n,b,t,,k,s,w,w,p,w,o,e,w,v,p,1,1,0.9999192
f,y,g,f,f,f,c,b,g,e,b,k,k,n,n,p,w,o,l,h,y,p,1,1,0.99977726
x,s,n,f,s,f,c,n,b,t,,k,k,p,w,p,w,o,e,w,v,d,1,1,0.9999081
f,f,g,t,n,f,c,b,n,t,b,s,s,g,g,p,w,o,p,k,v,d,0,0,0.0004944083
k,s,n,f,f,f,c,n,b,t,,s,s,w,p,p,w,o,e,w,v,p,1,1,0.999882
x,y,n,t,n,f,c,b,u,t,b,s,s,g,w,p,w,o,p,n,v,d,0,0,0.00034332616
x,y,n,t,n,f,c,b,w,t,b,s,s,g,w,p,w,o,p,n,y,d,0,0,8.89547e-05
x,f,g,f,c,f,w,n,g,e,b,s,s,w,w,p,w,o,p,n,v,d,1,1,0.9978331
x,s,n,f,y,f,c,n,b,t,,k,k,w,w,p,w,o,e,w,v,l,1,1,0.9999188
x,s,n,f,n,f,w,b,n,t,e,s,s,w,w,p,w,o,e,n,s,g,0,0,6.926528e-05
x,y,n,t,a,f,c,b,n,e,r,s,y,w,w,p,w,o,p,k,y,g,0,0,0.0009952674
f,y,n,t,n,f,c,b,w,t,b,s,s,g,p,p,w,o,p,n,y,d,0,0,0.0001104337
f,s,e,f,y,f,c,n,b,t,,s,s,p,w,p,w,o,e,w,v,d,1,1,0.9997365
k,s,n,f,s,f,c,n,b,t,,k,s,w,w,p,w,o,e,w,v,l,1,1,0.9999192
f,y,y,f,f,f,c,b,g,e,b,k,k,n,n,p,w,o,l,h,v,g,1,1,0.99989367
x,s,w,t,l,f,c,b,g,e,c,s,s,w,w,p,w,o,p,k,s,g,0,0,0.0009548322
x,y,e,t,n,f,c,b,p,t,b,s,s,g,w,p,w,o,p,k,v,d,0,0,0.00041749998
x,s,p,f,c,f,w,n,u,e,b,s,s,w,w,p,w,o,p,n,v,d,1,1,0.9982205
x,y,n,f,s,f,c,n,b,t,,s,k,p,w,p,w,o,e,w,v,l,1,1,0.99986494
f,s,w,f,n,f,w,b,n,t,e,f,f,w,w,p,w,o,e,k,a,g,0,0,0.00016451236
x,f,n,t,n,f,c,b,w,t,b,s,s,p,g,p,w,o,p,n,y,d,0,0,8.826487e-05
x,f,n,t,n,f,c,b,u,t,b,s,s,p,p,p,w,o,p,n,v,d,0,0,0.00032768017
f,y,e,t,n,f,c,b,u,t,b,s,s,w,p,p,w,o,p,n,v,d,0,0,0.00041324066
f,y,e,f,y,f,c,n,b,t,,s,s,w,p,p,w,o,e,w,v,l,1,1,0.99986553
x,s,w,f,n,f,w,b,k,t,e,f,f,w,w,p,w,o,e,n,a,g,0,0,0.00014676846
f,s,w,f,n,f,w,b,n,t,e,f,f,w,w,p,w,o,e,n,s,g,0,0,0.00015782511
b,s,w,t,l,f,c,b,n,e,c,s,s,w,w,p,w,o,p,n,s,g,0,0,0.00079485006
f,y,n,f,s,f,c,n,b,t,,k,k,w,w,p,w,o,e,w,v,l,1,1,0.9999193
x,s,n,f,n,a,c,b,y,e,,s,s,o,o,p,n,o,p,o,v,l,0,0,0.0005046995
k,s,e,f,s,f,c,n,b,t,,s,s,p,w,p,w,o,e,w,v,d,1,1,0.9997365
f,y,e,t,n,f,c,b,n,t,b,s,s,p,p,p,w,o,p,k,v,d,0,0,0.000509773
x,y,y,f,f,f,c,b,p,e,b,k,k,p,b,p,w,o,l,h,v,d,1,1,0.99989307
x,y,n,f,f,f,c,n,b,t,,k,s,w,p,p,w,o,e,w,v,d,1,1,0.9999287
f,f,g,f,n,f,w,b,h,t,e,f,f,w,w,p,w,o,e,k,a,g,0,0,0.00012590254
k,y,w,t,n,f,w,n,w,e,b,s,s,w,w,p,w,o,p,w,c,l,1,1,0.931157
x,s,w,f,n,f,w,b,n,t,e,f,f,w,w,p,w,o,e,n,s,g,0,0,0.00014676846
x,s,n,f,f,f,c,n,b,t,,k,s,p,w,p,w,o,e,w,v,d,1,1,0.9999287
f,s,g,t,f,f,c,b,h,t,b,f,f,w,w,p,w,o,p,h,v,u,1,1,0.9994659
x,s,n,f,f,f,c,n,b,t,,k,k,p,w,p,w,o,e,w,v,d,1,1,0.99992883
x,f,g,t,n,f,c,b,n,t,b,s,s,g,g,p,w,o,p,k,v,d,0,0,0.00039847475
b,s,w,t,l,f,c,b,k,e,c,s,s,w,w,p,w,o,p,n,n,m,0,0,0.00072431995
f,s,n,t,p,f,c,n,p,e,e,s,s,w,w,p,w,o,p,n,v,g,1,1,0.9984994
f,y,y,f,f,f,c,b,g,e,b,k,k,b,n,p,w,o,l,h,y,d,1,1,0.99977726
f,s,n,t,p,f,c,n,w,e,e,s,s,w,w,p,w,o,p,n,s,g,1,1,0.9980082
k,y,e,f,f,f,c,n,b,t,,k,k,p,p,p,w,o,e,w,v,l,1,1,0.9999293
f,f,e,t,n,f,c,b,p,t,b,s,s,p,p,p,w,o,p,k,y,d,0,0,0.00011812031
f,f,e,t,n,f,c,b,w,t,b,s,s,p,w,p,w,o,p,n,v,d,0,0,0.00043529994
x,s,w,t,f,f,c,b,p,t,b,s,s,w,w,p,w,o,p,h,s,g,1,1,0.99812466
f,y,e,t,n,f,c,b,u,t,b,s,s,p,w,p,w,o,p,n,y,d,0,0,0.00010331845
f,f,w,f,n,f,w,b,n,t,e,f,s,w,w,p,w,o,e,n,a,g,0,0,0.00015660112
f,s,n,f,f,f,c,n,b,t,,s,k,w,w,p,w,o,e,w,v,l,1,1,0.9998822
x,y,e,t,n,f,c,b,n,t,b,s,s,p,w,p,w,o,p,k,y,d,0,0,9.593769e-05
f,s,b,t,f,f,c,b,w,t,b,s,s,w,w,p,w,o,p,h,s,u,1,1,0.9979673
f,s,n,f,n,a,c,b,n,e,,s,s,o,o,p,n,o,p,y,c,l,0,0,0.00010866684
x,y,n,t,n,f,c,b,n,t,b,s,s,w,g,p,w,o,p,k,v,d,0,0,0.00041085933
x,y,c,f,m,a,c,b,w,e,c,k,y,c,c,p,w,n,n,w,c,d,1,1,0.99794537
x,f,y,f,f,f,c,b,h,e,b,k,k,p,p,p,w,o,l,h,v,p,1,1,0.99989057
f,s,n,f,n,a,c,b,o,e,,s,s,o,o,p,o,o,p,b,v,l,0,0,0.00054591784
f,s,n,f,s,f,c,n,b,t,,k,k,p,p,p,w,o,e,w,v,d,1,1,0.99990857
x,s,e,f,y,f,c,n,b,t,,s,s,p,w,p,w,o,e,w,v,d,1,1,0.99973494
f,f,g,t,n,f,c,b,u,t,b,s,s,w,g,p,w,o,p,n,y,d,0,0,0.00010251723
x,y,n,t,n,f,c,b,p,t,b,s,s,g,w,p,w,o,p,n,v,d,0,0,0.00034332616
x,f,p,f,c,f,c,n,p,e,b,s,s,w,w,p,w,o,p,n,s,d,1,1,0.9989586
s,f,g,f,n,f,c,n,k,e,e,s,s,w,w,p,w,o,p,n,v,u,0,0,0.0019040067
k,s,e,f,f,f,c,n,b,t,,k,k,p,w,p,w,o,e,w,v,p,1,1,0.9999293
k,y,c,f,n,f,w,n,w,e,b,s,s,w,n,p,w,o,e,w,v,l,0,0,0.016379738
x,y,n,t,p,f,c,n,k,e,e,s,s,w,w,p,w,o,p,k,v,g,1,1,0.99856263
b,f,w,f,n,f,w,b,p,e,,s,k,w,w,p,w,t,p,w,n,g,0,0,0.0002947831
f,f,g,f,f,f,c,b,g,e,b,k,k,p,p,p,w,o,l,h,y,p,1,1,0.9997774
x,y,n,f,y,f,c,n,b,t,,s,k,w,p,p,w,o,e,w,v,p,1,1,0.99986494
x,y,y,f,f,f,c,b,h,e,b,k,k,n,b,p,w,o,l,h,v,d,1,1,0.99989307
x,f,g,f,c,f,c,n,u,e,b,s,s,w,w,p,w,o,p,k,s,d,1,1,0.9991416
x,y,g,t,n,f,c,b,u,t,b,s,s,w,p,p,w,o,p,k,y,d,0,0,9.593769e-05
x,f,n,f,n,f,w,b,p,t,e,s,f,w,w,p,w,o,e,k,a,g,0,0,7.121879e-05
x,y,n,f,s,f,c,n,b,t,,k,k,p,w,p,w,o,e,w,v,p,1,1,0.9999188
f,f,g,f,n,f,w,b,k,t,e,f,f,w,w,p,w,o,e,k,a,g,0,0,0.00012590254
x,y,g,t,n,f,c,b,u,t,b,s,s,g,p,p,w,o,p,k,y,d,0,0,9.593769e-05
x,y,g,t,n,f,c,b,n,t,b,s,s,g,p,p,w,o,p,n,v,d,0,0,0.00033786488
f,y,y,f,f,f,c,b,g,e,b,k,k,p,b,p,w,o,l,h,v,p,1,1,0.99989367
x,s,b,t,f,f,c,b,w,t,b,f,f,w,w,p,w,o,p,h,s,g,1,1,0.99855167
x,s,n,f,n,f,w,b,h,t,e,s,f,w,w,p,w,o,e,n,a,g,0,0,6.926528e-05
x,y,y,t,l,f,c,b,p,e,r,s,y,w,w,p,w,o,p,n,s,g,0,0,0.0007551347
x,s,n,f,n,f,w,b,p,t,e,f,s,w,w,p,w,o,e,k,a,g,0,0,0.00011730238
b,y,n,f,n,f,c,b,w,e,b,y,y,n,n,p,w,t,p,w,y,d,0,0,0.0015345666
x,s,n,f,n,a,c,b,n,e,,s,s,o,o,p,o,o,p,b,c,l,0,0,0.000100458965
k,y,n,f,f,f,c,n,b,t,,s,s,p,w,p,w,o,e,w,v,l,1,1,0.999882
f,y,g,t,n,f,c,b,n,t,b,s,s,g,p,p,w,o,p,k,v,d,0,0,0.000509773
x,s,w,f,c,f,c,n,g,e,b,s,s,w,w,p,w,o,p,n,s,d,1,1,0.99927205
f,y,g,f,f,f,c,b,p,e,b,k,k,n,b,p,w,o,l,h,y,p,1,1,0.99977726
f,y,y,t,a,f,c,b,n,e,r,s,y,w,w,p,w,o,p,n,s,g,0,0,0.0007868798
x,y,w,t,a,f,c,b,k,e,c,s,s,w,w,p,w,o,p,k,s,g,0,0,0.00084927195
f,f,g,t,n,f,c,b,w,t,b,s,s,p,p,p,w,o,p,k,v,d,0,0,0.0005284423
x,s,y,t,l,f,c,b,w,e,c,s,s,w,w,p,w,o,p,n,n,m,0,0,0.0005970695
x,s,g,f,n,f,w,b,p,t,e,s,s,w,w,p,w,o,e,k,s,g,0,0,7.1775416e-05
f,y,e,f,f,f,c,n,b,t,,k,k,p,w,p,w,o,e,w,v,d,1,1,0.9999293
k,s,n,f,y,f,c,n,b,t,,k,k,p,w,p,w,o,e,w,v,p,1,1,0.9999193
f,f,e,t,n,f,c,b,n,t,b,s,s,p,p,p,w,o,p,k,v,d,0,0,0.0004944083
b,s,w,t,l,f,c,b,g,e,c,s,s,w,w,p,w,o,p,n,n,g,0,0,0.00079485006
x,s,p,f,c,f,c,n,n,e,b,s,s,w,w,p,w,o,p,k,s,d,1,1,0.9993292
f,y,e,t,n,f,c,b,p,t,b,s,s,g,w,p,w,o,p,k,y,d,0,0,0.000119043456
x,y,g,f,f,f,c,b,g,e,b,k,k,b,n,p,w,o,l,h,v,g,1,1,0.99989307
x,y,w,t,a,f,c,b,n,e,c,s,s,w,w,p,w,o,p,k,n,g,0,0,0.00084927195
f,y,e,f,m,a,c,b,y,e,c,k,y,c,c,p,w,n,n,w,c,d,1,1,0.9979656
k,s,n,f,n,a,c,b,y,e,,s,s,o,o,p,o,o,p,o,v,l,0,0,0.00054591784
b,s,w,t,n,f,c,b,r,e,b,s,s,w,w,p,w,t,p,r,v,g,1,1,0.9947025
x,s,e,f,f,f,c,n,b,t,,s,k,p,w,p,w,o,e,w,v,p,1,1,0.9998815
f,s,e,f,s,f,c,n,b,t,,s,s,w,p,p,w,o,e,w,v,p,1,1,0.99986553
f,y,n,t,n,f,c,b,n,t,b,s,s,g,p,p,w,o,p,k,v,d,0,0,0.000509773
x,y,n,t,n,f,c,b,p,t,b,s,s,g,p,p,w,o,p,n,v,d,0,0,0.00033786488
x,y,e,f,m,a,c,b,y,e,c,k,y,c,c,p,w,n,n,w,c,d,1,1,0.99795353
f,y,e,f,y,f,c,n,b,t,,s,k,w,p,p,w,o,e,w,v,l,1,1,0.9998658
x,s,n,f,n,f,w,b,n,t,e,f,s,w,w,p,w,o,e,n,s,g,0,0,0.000113200265
x,s,e,f,f,f,c,n,b,t,,k,s,p,p,p,w,o,e,w,v,l,1,1,0.9999287
x,y,n,t,p,f,c,n,k,e,e,s,s,w,w,p,w,o,p,k,v,u,1,1,0.9986926
x,f,w,f,n,f,w,b,k,t,e,f,s,w,w,p,w,o,e,n,a,g,0,0,0.00014563034
x,f,g,t,n,f,c,b,w,t,b,s,s,p,w,p,w,o,p,k,y,d,0,0,0.000100249774
f,y,e,t,n,f,c,b,u,t,b,s,s,g,g,p,w,o,p,k,v,d,0,0,0.000509773
x,s,e,f,s,f,c,n,b,t,,k,k,w,p,p,w,o,e,w,v,l,1,1,0.9999188
f,y,n,f,s,f,c,n,b,t,,k,s,p,w,p,w,o,e,w,v,l,1,1,0.9999192
x,y,y,f,f,f,c,b,g,e,b,k,k,p,b,p,w,o,l,h,v,g,1,1,0.99989307
x,y,y,f,f,f,c,b,h,e,b,k,k,p,n,p,w,o,l,h,y,p,1,1,0.99977595
x,y,g,t,n,f,c,b,p,t,b,s,s,w,w,p,w,o,p,k,y,d,0,0,9.593769e-05
x,s,e,f,s,f,c,n,b,t,,k,k,w,p,p,w,o,e,w,v,d,1,1,0.9999081
x,y,w,t,a,f,c,b,g,e,c,s,s,w,w,p,w,o,p,n,n,g,0,0,0.0007069639
x,f,g,f,n,f,w,b,n,t,e,f,s,w,w,p,w,o,e,n,s,g,0,0,0.00011232243
f,y,g,t,n,f,c,b,w,t,b,s,s,p,p,p,w,o,p,n,y,d,0,0,0.0001104337
x,f,p,f,c,f,w,n,u,e,b,s,s,w,w,p,w,o,p,k,v,d,1,1,0.9982168
x,s,w,t,f,f,c,b,p,t,b,f,s,w,w,p,w,o,p,h,v,g,1,1,0.9994313
f,f,w,f,n,f,w,b,h,t,e,s,s,w,w,p,w,o,e,n,s,g,0,0,0.00011635235
f,s,n,t,p,f,c,n,k,e,e,s,s,w,w,p,w,o,p,n,s,u,1,1,0.9981059
x,s,g,f,c,f,c,n,g,e,b,s,s,w,w,p,w,o,p,n,s,d,1,1,0.9991862
k,y,n,f,f,f,c,n,b,t,,s,k,w,w,p,w,o,e,w,v,d,1,1,0.99979645
x,s,b,t,f,f,c,b,w,t,b,f,f,w,w,p,w,o,p,h,v,u,1,1,0.99945813
f,f,y,f,f,f,c,b,h,e,b,k,k,n,n,p,w,o,l,h,v,p,1,1,0.99989116
k,y,e,f,f,f,c,n,b,t,,k,k,p,p,p,w,o,e,w,v,p,1,1,0.9999293
x,y,y,t,l,f,c,b,k,e,c,s,s,w,w,p,w,o,p,k,s,g,0,0,0.0007026671
b,f,w,f,n,f,w,b,g,e,,k,s,w,w,p,w,t,p,w,n,g,0,0,0.00095537
f,y,n,f,s,f,c,n,b,t,,k,s,p,p,p,w,o,e,w,v,p,1,1,0.9999192
x,y,g,f,f,f,c,b,h,e,b,k,k,b,b,p,w,o,l,h,v,g,1,1,0.99989307
x,f,n,t,n,f,c,b,n,t,b,s,s,g,p,p,w,o,p,n,y,d,0,0,8.381314e-05
k,s,n,f,s,f,c,n,b,t,,s,k,w,w,p,w,o,e,w,v,d,1,1,0.99973696
x,s,e,f,f,f,c,n,b,t,,k,k,p,p,p,w,o,e,w,v,l,1,1,0.99992883
k,s,n,f,y,f,c,n,b,t,,s,s,w,w,p,w,o,e,w,v,p,1,1,0.99986553
f,y,n,t,n,f,c,b,u,t,b,s,s,p,g,p,w,o,p,n,y,d,0,0,0.00010331845
f,s,n,t,p,f,c,n,p,e,e,s,s,w,w,p,w,o,p,k,s,u,1,1,0.99849
x,y,g,f,f,f,c,b,g,e,b,k,k,n,n,p,w,o,l,h,y,g,1,1,0.99977595
k,s,e,f,y,f,c,n,b,t,,k,k,p,w,p,w,o,e,w,v,p,1,1,0.9999193
f,f,y,f,f,f,c,b,p,e,b,k,k,p,n,p,w,o,l,h,y,d,1,1,0.9997774
x,s,w,t,a,f,w,n,w,t,b,s,s,w,w,p,w,o,p,u,v,d,0,0,0.008073615
x,s,n,f,f,f,c,n,b,t,,k,k,w,p,p,w,o,e,w,v,p,1,1,0.99992883
f,y,n,f,y,f,c,n,b,t,,k,k,w,p,p,w,o,e,w,v,p,1,1,0.9999193
f,y,e,f,y,f,c,n,b,t,,k,s,w,w,p,w,o,e,w,v,l,1,1,0.9999192
f,f,e,t,n,f,c,b,w,t,b,s,s,g,w,p,w,o,p,n,v,d,0,0,0.00043529994
x,y,e,t,n,f,c,b,p,t,b,s,s,w,g,p,w,o,p,n,v,d,0,0,0.00033786488
x,s,n,t,p,f,c,n,w,e,e,s,s,w,w,p,w,o,p,k,s,g,1,1,0.9983891
x,f,y,f,f,f,c,b,h,e,b,k,k,n,b,p,w,o,l,h,y,g,1,1,0.99977595
b,y,y,t,a,f,c,b,w,e,c,s,s,w,w,p,w,o,p,k,n,m,0,0,0.000689086
x,y,g,f,f,f,c,b,h,e,b,k,k,b,n,p,w,o,l,h,v,p,1,1,0.99989307
f,f,n,t,n,f,c,b,n,t,b,s,s,g,g,p,w,o,p,k,y,d,0,0,0.00011812031
k,y,b,t,n,f,c,b,e,e,,s,s,e,w,p,w,t,e,w,c,w,0,0,0.0013093892
f,y,n,t,n,f,c,b,p,t,b,s,s,g,w,p,w,o,p,k,v,d,0,0,0.00051801157
k,y,n,f,f,f,c,n,b,t,,s,k,p,p,p,w,o,e,w,v,l,1,1,0.9998822
x,y,y,f,f,f,c,b,p,e,b,k,k,p,n,p,w,o,l,h,y,g,1,1,0.99977595
b,y,n,f,n,f,c,n,w,e,,k,y,w,n,p,w,o,e,w,v,d,1,1,0.99030834
x,f,p,f,c,f,w,n,u,e,b,s,s,w,w,p,w,o,p,n,s,d,1,1,0.9978775
f,f,e,t,n,f,c,b,u,t,b,s,s,w,g,p,w,o,p,k,v,d,0,0,0.0004944083
x,f,g,t,n,f,c,b,w,t,b,s,s,p,g,p,w,o,p,n,y,d,0,0,8.826487e-05
x,y,g,f,f,f,c,b,p,e,b,k,k,p,p,p,w,o,l,h,v,g,1,1,0.99989307
x,y,w,t,a,f,c,b,k,e,c,s,s,w,w,p,w,o,p,n,s,g,0,0,0.0007069639
x,f,g,f,c,f,w,n,u,e,b,s,s,w,w,p,w,o,p,k,v,d,1,1,0.9982168
x,f,g,t,n,f,c,b,p,t,b,s,s,p,g,p,w,o,p,n,y,d,0,0,8.381314e-05
f,s,w,t,f,f,c,b,p,t,b,f,f,w,w,p,w,o,p,h,v,u,1,1,0.9994708
x,s,w,f,n,f,w,b,n,t,e,s,s,w,w,p,w,o,e,k,s,g,0,0,0.000112998154
f,f,n,f,n,f,w,b,p,t,e,f,f,w,w,p,w,o,e,k,a,g,0,0,0.00012590254
x,f,y,f,f,f,c,b,p,e,b,k,k,b,n,p,w,o,l,h,y,p,1,1,0.99977595
x,s,y,t,l,f,w,n,w,t,b,s,s,w,w,p,w,o,p,u,v,d,0,0,0.0055986573
f,f,g,t,n,f,c,b,w,t,b,s,s,w,p,p,w,o,p,n,y,d,0,0,0.00010957721
k,y,e,f,s,f,c,n,b,t,,k,k,p,p,p,w,o,e,w,v,d,1,1,0.99990857
x,y,g,t,n,f,c,b,n,t,b,s,s,w,p,p,w,o,p,k,v,d,0,0,0.00041085933
f,y,n,t,n,f,c,b,w,e,,s,s,w,e,p,w,t,e,w,c,w,0,0,0.001358427
k,s,n,f,f,f,c,n,b,t,,k,s,w,w,p,w,o,e,w,v,d,1,1,0.9999292
f,y,w,f,n,f,c,n,h,e,,s,f,w,w,p,w,o,f,h,y,d,0,0,0.005107399
f,y,b,t,n,f,c,b,r,e,b,s,s,w,w,p,w,t,p,r,v,m,1,1,0.99074334
b,s,w,t,a,f,c,b,n,e,c,s,s,w,w,p,w,o,p,n,s,g,0,0,0.0008065842
x,s,g,f,c,f,w,n,g,e,b,s,s,w,w,p,w,o,p,k,v,d,1,1,0.99853575
f,y,g,f,f,f,c,b,h,e,b,k,k,p,n,p,w,o,l,h,y,d,1,1,0.99977726
f,s,n,f,f,f,c,n,b,t,,s,k,p,p,p,w,o,e,w,v,d,1,1,0.99979645
f,f,e,t,n,f,c,b,w,t,b,s,s,g,p,p,w,o,p,k,v,d,0,0,0.0005284423
b,s,n,f,n,a,c,b,n,e,,s,s,o,o,p,o,o,p,b,v,l,0,0,0.00060470623
b,s,w,t,a,f,c,b,n,e,c,s,s,w,w,p,w,o,p,n,s,m,0,0,0.0007350137
x,f,g,f,f,f,c,b,g,e,b,k,k,n,b,p,w,o,l,h,v,d,1,1,0.99989057
f,f,e,t,n,f,c,b,w,t,b,s,s,p,w,p,w,o,p,k,v,d,0,0,0.0005369825
x,y,g,f,f,f,c,b,h,e,b,k,k,p,b,p,w,o,l,h,v,g,1,1,0.99989307
f,s,n,t,p,f,c,n,k,e,e,s,s,w,w,p,w,o,p,k,v,g,1,1,0.9989028
x,y,e,t,n,f,c,b,u,t,b,s,s,g,g,p,w,o,p,k,v,d,0,0,0.00041085933
b,s,y,t,a,f,c,b,w,e,c,s,s,w,w,p,w,o,p,n,s,g,0,0,0.00066489103
x,y,g,t,n,f,c,b,u,t,b,s,s,w,p,p,w,o,p,k,v,d,0,0,0.00041085933
f,f,e,t,n,f,c,b,p,t,b,s,s,w,g,p,w,o,p,n,v,d,0,0,0.0004007843
f,f,n,t,n,f,c,b,u,t,b,s,s,w,w,p,w,o,p,n,v,d,0,0,0.00040726224
f,f,y,f,f,f,c,b,g,e,b,k,k,n,b,p,w,o,l,h,y,g,1,1,0.9997774
f,f,w,f,n,f,w,b,n,t,e,f,f,w,w,p,w,o,e,k,s,g,0,0,0.00016323652
f,s,n,f,f,f,c,n,b,t,,s,k,p,w,p,w,o,e,w,v,l,1,1,0.9998822
x,s,n,f,n,f,c,b,w,e,b,y,y,n,n,p,w,t,p,w,y,d,0,0,0.0013918232
x,f,n,t,n,f,c,b,u,t,b,s,s,g,w,p,w,o,p,k,y,d,0,0,9.519362e-05
x,y,n,t,l,f,c,b,n,e,r,s,y,w,w,p,w,o,p,k,y,g,0,0,0.0010088206
f,s,w,f,n,f,w,b,h,t,e,f,s,w,w,p,w,o,e,k,s,g,0,0,0.00016451236
x,f,g,f,c,f,w,n,n,e,b,s,s,w,w,p,w,o,p,n,s,d,1,1,0.9978775
f,y,g,t,n,f,c,b,w,e,b,s,s,w,w,p,w,t,p,w,v,p,0,0,0.009947702
x,y,y,t,l,f,c,b,k,e,c,s,s,w,w,p,w,o,p,k,s,m,0,0,0.00066938874
x,y,g,t,n,f,c,b,w,t,b,s,s,g,w,p,w,o,p,n,y,d,0,0,8.89547e-05
f,f,e,t,n,f,c,b,p,t,b,s,s,g,g,p,w,o,p,k,v,d,0,0,0.0004944083
f,y,g,f,f,f,c,b,h,e,b,k,k,n,n,p,w,o,l,h,v,p,1,1,0.99989367
f,f,g,f,f,f,c,b,g,e,b,k,k,n,n,p,w,o,l,h,y,g,1,1,0.9997774
x,s,g,f,c,f,w,n,u,e,b,s,s,w,w,p,w,o,p,k,v,d,1,1,0.99853575
x,y,e,f,s,f,c,n,b,t,,s,k,p,w,p,w,o,e,w,v,p,1,1,0.99986494
x,f,g,f,n,f,c,n,n,e,e,s,s,w,w,p,w,o,p,n,y,u,0,0,0.0013352596
f,y,y,t,a,f,c,b,n,e,r,s,y,w,w,p,w,o,p,n,y,g,0,0,0.0007868798
x,y,n,f,f,f,c,n,b,t,,k,k,w,p,p,w,o,e,w,v,d,1,1,0.99992883
f,f,g,f,n,f,w,b,n,t,e,s,f,w,w,p,w,o,e,k,a,g,0,0,7.703797e-05
f,f,n,t,n,f,c,b,w,t,b,s,s,g,w,p,w,o,p,n,y,d,0,0,0.00010957721
x,s,w,f,c,f,c,n,p,e,b,s,s,w,w,p,w,o,p,n,s,d,1,1,0.99927205
x,y,w,t,a,f,c,b,g,e,c,s,s,w,w,p,w,o,p,n,n,m,0,0,0.0006734822
f,y,n,f,s,f,c,n,b,t,,k,k,p,w,p,w,o,e,w,v,p,1,1,0.9999193
f,y,n,f,s,f,c,n,b,t,,s,s,w,p,p,w,o,e,w,v,p,1,1,0.99986553
k,s,n,f,n,a,c,b,o,e,,s,s,o,o,p,n,o,p,y,c,l,0,0,0.00010866684
x,f,w,f,n,f,w,b,h,t,e,f,s,w,w,p,w,o,e,n,a,g,0,0,0.00014563034
f,y,w,t,p,f,c,n,p,e,e,s,s,w,w,p,w,o,p,n,s,u,1,1,0.99799085
k,f,g,f,n,f,w,b,g,e,,k,k,w,w,p,w,t,p,w,s,g,0,0,0.0007669557
f,y,g,t,n,f,c,b,n,t,b,s,s,p,p,p,w,o,p,n,y,d,0,0,0.00010331845
f,s,n,f,y,f,c,n,b,t,,s,k,p,p,p,w,o,e,w,v,l,1,1,0.9998658
x,f,y,f,f,f,c,b,h,e,b,k,k,n,p,p,w,o,l,h,v,p,1,1,0.99989057
f,f,w,t,l,f,w,n,p,t,b,s,s,w,w,p,w,o,p,u,v,d,0,0,0.0041622105
f,y,g,t,n,f,c,b,n,t,b,s,s,g,w,p,w,o,p,k,y,d,0,0,0.000119043456
f,s,e,f,y,f,c,n,b,t,,s,k,w,w,p,w,o,e,w,v,d,1,1,0.99973696
x,y,g,t,n,f,c,b,p,t,b,s,s,g,g,p,w,o,p,n,v,d,0,0,0.00033786488
k,s,n,f,f,f,c,n,b,t,,s,s,w,p,p,w,o,e,w,v,l,1,1,0.999882
f,f,e,t,n,f,c,b,p,t,b,s,s,p,w,p,w,o,p,k,v,d,0,0,0.0005023987
k,y,e,f,s,f,c,n,b,t,,s,k,w,p,p,w,o,e,w,v,l,1,1,0.9998658
f,f,g,t,n,f,c,b,p,t,b,s,s,g,g,p,w,o,p,k,v,d,0,0,0.0004944083
f,f,n,f,n,f,w,n,w,e,b,f,f,w,n,p,w,o,e,w,v,l,0,0,0.008706198
f,f,g,f,f,f,c,b,h,e,b,k,k,n,p,p,w,o,l,h,y,d,1,1,0.9997774
f,s,n,f,f,f,c,n,b,t,,k,s,w,p,p,w,o,e,w,v,l,1,1,0.9999292
x,y,n,f,y,f,c,n,b,t,,s,s,p,w,p,w,o,e,w,v,p,1,1,0.9998647
f,f,g,t,n,f,c,b,w,t,b,s,s,w,g,p,w,o,p,n,v,d,0,0,0.00042837625
f,y,e,f,s,f,c,n,b,t,,k,s,p,p,p,w,o,e,w,v,l,1,1,0.9999192
x,s,b,t,f,f,c,b,p,t,b,s,s,w,w,p,w,o,p,h,s,g,1,1,0.9978163
b,s,w,t,n,f,c,b,g,e,b,s,s,w,w,p,w,t,p,r,v,g,1,1,0.99290377
x,f,g,f,f,f,c,b,h,e,b,k,k,n,b,p,w,o,l,h,y,p,1,1,0.99977595
x,s,n,f,n,f,w,b,p,t,e,s,s,w,w,p,w,o,e,n,a,g,0,0,6.926528e-05
f,y,n,t,a,f,c,b,n,e,r,s,y,w,w,p,w,o,p,k,s,p,0,0,0.0009352459
x,y,n,f,y,f,c,n,b,t,,k,s,w,p,p,w,o,e,w,v,p,1,1,0.9999187
f,f,w,f,n,f,w,b,p,t,e,f,s,w,w,p,w,o,e,k,s,g,0,0,0.00016323652
x,y,w,t,p,f,c,n,p,e,e,s,s,w,w,p,w,o,p,k,v,g,1,1,0.9987657
x,s,w,t,l,f,c,b,w,e,c,s,s,w,w,p,w,o,p,n,n,m,0,0,0.00072431995
x,y,n,t,n,f,c,b,p,t,b,s,s,g,w,p,w,o,p,k,v,d,0,0,0.00041749998
f,f,g,f,f,f,c,b,h,e,b,k,k,b,p,p,w,o,l,h,y,p,1,1,0.9997774
f,y,c,f,m,f,c,b,y,e,c,k,y,c,c,p,w,n,n,w,c,d,1,1,0.9979656
x,y,n,f,s,f,c,n,b,t,,k,s,w,p,p,w,o,e,w,v,d,1,1,0.99990785
f,s,e,f,f,f,c,n,b,t,,k,k,w,p,p,w,o,e,w,v,p,1,1,0.9999293
f,f,n,t,n,f,c,b,p,t,b,s,s,g,w,p,w,o,p,n,y,d,0,0,0.00010251723
x,y,y,f,f,f,c,b,p,e,b,k,k,n,b,p,w,o,l,h,y,p,1,1,0.99977595
x,y,g,t,n,f,c,b,u,t,b,s,s,g,g,p,w,o,p,n,y,d,0,0,8.446826e-05
k,s,n,f,f,f,c,n,b,t,,s,k,p,w,p,w,o,e,w,v,d,1,1,0.99979645
f,s,w,t,f,f,c,b,p,t,b,s,s,w,w,p,w,o,p,h,s,g,1,1,0.99815136
x,f,n,t,n,f,c,b,u,t,b,s,s,w,p,p,w,o,p,k,y,d,0,0,9.519362e-05
x,y,y,t,a,f,c,b,k,e,c,s,s,w,w,p,w,o,p,n,n,m,0,0,0.0005654339
f,s,b,t,f,f,c,b,w,t,b,f,f,w,w,p,w,o,p,h,v,g,1,1,0.99941754
b,s,w,t,l,f,c,b,w,e,c,s,s,w,w,p,w,o,p,k,n,g,0,0,0.00096862356
f,y,n,t,p,f,c,n,k,e,e,s,s,w,w,p,w,o,p,k,v,g,1,1,0.9985831
k,y,y,f,n,f,c,n,w,e,,k,y,w,n,p,w,o,e,w,v,d,1,1,0.98999727
x,y,e,f,y,f,c,n,b,t,,s,s,p,p,p,w,o,e,w,v,d,1,1,0.99973494
f,f,n,f,n,f,w,b,p,t,e,s,s,w,w,p,w,o,e,k,s,g,0,0,7.703797e-05
k,f,n,f,n,f,c,n,w,e,,k,y,w,n,p,w,o,e,w,v,d,1,1,0.98478043
k,s,e,f,f,f,c,n,b,t,,s,s,w,w,p,w,o,e,w,v,l,1,1,0.999882
f,y,n,t,l,f,c,b,n,e,r,s,y,w,w,p,w,o,p,n,y,p,0,0,0.0007779092
x,f,g,t,n,f,c,b,n,t,b,s,s,w,g,p,w,o,p,k,y,d,0,0,9.519362e-05
f,s,w,t,f,f,c,b,p,t,b,f,f,w,w,p,w,o,p,h,s,g,1,1,0.9985852
x,s,w,t,l,f,c,b,g,e,c,s,s,w,w,p,w,o,p,k,s,m,0,0,0.0008701178
x,y,n,f,s,f,c,n,b,t,,s,s,w,p,p,w,o,e,w,v,l,1,1,0.9998647
f,y,y,f,f,f,c,b,p,e,b,k,k,p,n,p,w,o,l,h,y,g,1,1,0.99977726
f,y,p,t,n,f,c,b,w,e,,s,s,e,w,p,w,t,e,w,c,w,0,0,0.0013812989
f,s,n,f,n,f,w,b,h,t,e,s,s,w,w,p,w,o,e,k,s,g,0,0,7.764014e-05
k,y,n,f,s,f,c,n,b,t,,s,s,p,w,p,w,o,e,w,v,p,1,1,0.99986553
f,s,b,t,f,f,c,b,w,t,b,f,s,w,w,p,w,o,p,h,s,u,1,1,0.99869066
x,y,c,f,m,a,c,b,y,e,c,k,y,c,c,p,w,n,n,w,c,d,1,1,0.99795353
f,f,g,f,f,f,c,b,p,e,b,k,k,n,p,p,w,o,l,h,y,d,1,1,0.9997774
f,s,b,t,f,f,c,b,h,t,b,f,f,w,w,p,w,o,p,h,s,g,1,1,0.99857223
x,f,n,t,n,f,c,b,n,t,b,s,s,p,p,p,w,o,p,k,y,d,0,0,9.519362e-05
f,s,b,t,f,f,c,b,w,t,b,s,f,w,w,p,w,o,p,h,v,g,1,1,0.99922526
x,f,g,t,n,f,c,b,n,t,b,s,s,p,g,p,w,o,p,n,y,d,0,0,8.381314e-05
x,f,w,f,n,f,w,b,h,t,e,s,f,w,w,p,w,o,e,k,a,g,0,0,0.00011212189
f,y,w,t,p,f,c,n,k,e,e,s,s,w,w,p,w,o,p,k,v,u,1,1,0.9988933
k,s,e,t,n,f,c,b,w,e,,s,s,e,w,p,w,t,e,w,c,w,0,0,0.0013339804
k,s,n,f,y,f,c,n,b,t,,k,k,p,p,p,w,o,e,w,v,p,1,1,0.9999193
f,y,y,f,f,f,c,b,p,e,b,k,k,n,p,p,w,o,l,h,v,d,1,1,0.99989367
x,y,e,f,f,f,c,n,b,t,,k,k,p,p,p,w,o,e,w,v,l,1,1,0.99992883
x,f,g,t,n,f,c,b,u,t,b,s,s,g,g,p,w,o,p,k,v,d,0,0,0.00039847475
b,y,w,t,n,f,c,b,w,e,b,s,s,w,w,p,w,t,p,r,v,m,1,1,0.9951944
f,f,g,t,n,f,c,b,p,t,b,s,s,w,g,p,w,o,p,k,v,d,0,0,0.0004944083
f,y,n,t,n,f,c,b,p,t,b,s,s,g,w,p,w,o,p,n,v,d,0,0,0.00041991982
b,s,y,t,a,f,c,b,w,e,c,s,s,w,w,p,w,o,p,k,n,g,0,0,0.0008102754
x,s,n,f,y,f,c,n,b,t,,s,k,w,p,p,w,o,e,w,v,p,1,1,0.99986494
k,s,n,f,n,a,c,b,n,e,,s,s,o,o,p,o,o,p,b,c,l,0,0,0.00010866684
k,s,n,f,f,f,c,n,b,t,,k,k,w,p,p,w,o,e,w,v,l,1,1,0.9999293
x,s,e,f,s,f,c,n,b,t,,s,k,p,p,p,w,o,e,w,v,p,1,1,0.99986494
f,y,n,t,n,f,c,b,w,t,b,s,s,g,w,p,w,o,p,k,v,d,0,0,0.0005536695
x,y,y,t,l,f,c,b,w,e,c,s,s,w,w,p,w,o,p,n,s,m,0,0,0.000557206
x,y,n,t,l,f,c,b,w,e,r,s,y,w,w,p,w,o,p,n,y,g,0,0,0.0008398003
b,s,y,t,l,f,c,b,k,e,c,s,s,w,w,p,w,o,p,k,n,g,0,0,0.00079848757
k,s,n,f,f,f,c,n,b,t,,k,k,p,w,p,w,o,e,w,v,l,1,1,0.9999293
k,s,p,t,n,f,c,b,e,e,,s,s,w,e,p,w,t,e,w,c,w,0,0,0.0012887028
x,f,g,f,n,f,w,b,h,t,e,s,f,w,w,p,w,o,e,n,a,g,0,0,6.872813e-05
x,f,w,f,n,f,w,b,p,e,,s,s,w,w,p,w,t,p,w,s,g,0,0,0.0002640019
x,y,n,t,p,f,c,n,k,e,e,s,s,w,w,p,w,o,p,n,s,u,1,1,0.9976605
k,y,e,f,y,f,c,n,b,t,,s,s,p,w,p,w,o,e,w,v,d,1,1,0.9997365
k,y,e,f,f,f,c,n,b,t,,s,s,p,p,p,w,o,e,w,v,p,1,1,0.999882
k,s,n,f,f,f,c,n,b,t,,s,k,p,p,p,w,o,e,w,v,d,1,1,0.99979645
f,s,n,f,n,a,c,b,o,e,,s,s,o,o,p,o,o,p,b,c,l,0,0,0.00010866684
k,s,n,t,n,f,c,b,w,e,,s,s,w,w,p,w,t,e,w,c,w,0,0,0.0013339804
x,f,g,f,n,f,w,b,w,e,,s,s,w,w,p,w,t,p,w,s,g,0,0,0.00017749939
f,f,e,t,n,f,c,b,n,t,b,s,s,g,p,p,w,o,p,k,v,d,0,0,0.0004944083
f,y,g,f,f,f,c,b,p,e,b,k,k,p,b,p,w,o,l,h,y,d,1,1,0.99977726
f,y,g,t,n,f,c,b,p,t,b,s,s,w,w,p,w,o,p,k,v,d,0,0,0.00051801157
f,y,w,t,p,f,c,n,k,e,e,s,s,w,w,p,w,o,p,n,v,u,1,1,0.9984863
f,y,e,t,n,f,c,b,p,t,b,s,s,p,p,p,w,o,p,k,v,d,0,0,0.000509773
f,f,e,t,n,f,c,b,w,t,b,s,s,w,p,p,w,o,p,k,y,d,0,0,0.00012625467
f,s,w,f,n,f,w,b,p,t,e,s,f,w,w,p,w,o,e,n,s,g,0,0,0.000117261785
f,f,w,f,n,f,w,b,n,t,e,f,f,w,w,p,w,o,e,n,a,g,0,0,0.00015660112
k,s,n,f,f,f,c,n,b,t,,k,s,p,w,p,w,o,e,w,v,l,1,1,0.9999292
x,y,g,f,f,f,c,b,h,e,b,k,k,b,n,p,w,o,l,h,v,d,1,1,0.99989307
f,y,y,f,f,f,c,b,h,e,b,k,k,n,p,p,w,o,l,h,v,p,1,1,0.99989367
x,f,g,f,c,f,c,n,g,e,b,s,s,w,w,p,w,o,p,n,v,d,1,1,0.99900985
k,s,e,f,y,f,c,n,b,t,,s,k,w,p,p,w,o,e,w,v,p,1,1,0.9998658
f,f,y,f,f,f,c,b,p,e,b,k,k,n,n,p,w,o,l,h,v,p,1,1,0.99989116
f,y,e,t,n,f,c,b,n,t,b,s,s,g,g,p,w,o,p,n,y,d,0,0,0.00010331845
x,s,e,t,n,f,c,b,w,e,,s,s,e,e,p,w,t,e,w,c,w,0,0,0.0010594811
s,f,g,f,n,f,c,n,g,e,e,s,s,w,w,p,w,o,p,n,v,u,0,0,0.0019040067
k,s,e,f,s,f,c,n,b,t,,k,s,w,w,p,w,o,e,w,v,p,1,1,0.9999192
x,s,e,f,y,f,c,n,b,t,,k,k,p,w,p,w,o,e,w,v,l,1,1,0.9999188
x,y,y,t,a,f,c,b,n,e,r,s,y,w,w,p,w,o,p,n,s,g,0,0,0.0007868798
x,y,n,t,a,f,c,b,w,e,r,s,y,w,w,p,w,o,p,k,y,p,0,0,0.0009219294
x,s,n,f,s,f,c,n,b,t,,s,k,p,w,p,w,o,e,w,v,p,1,1,0.99986494
x,y,e,t,n,f,c,b,n,t,b,s,s,g,w,p,w,o,p,n,v,d,0,0,0.00034332616
x,s,n,f,n,f,w,b,k,t,e,s,f,w,w,p,w,o,e,k,a,g,0,0,7.1775416e-05
x,f,n,t,n,f,c,b,n,t,b,s,s,g,p,p,w,o,p,k,v,d,0,0,0.00039847475
f,f,y,f,f,f,c,b,h,e,b,k,k,p,b,p,w,o,l,h,v,p,1,1,0.99989116
k,y,e,f,y,f,c,n,b,t,,s,s,w,p,p,w,o,e,w,v,p,1,1,0.99986553
x,f,g,f,f,f,c,b,p,e,b,k,k,b,b,p,w,o,l,h,v,p,1,1,0.99989057
b,s,n,f,n,a,c,b,n,e,,s,s,o,o,p,n,o,p,y,v,l,0,0,0.00060470623
x,y,n,t,n,f,c,b,u,t,b,s,s,g,g,p,w,o,p,k,v,d,0,0,0.00041085933
f,y,e,f,y,f,c,n,b,t,,s,k,p,w,p,w,o,e,w,v,d,1,1,0.99973696
k,y,n,f,f,f,c,n,b,t,,k,k,w,w,p,w,o,e,w,v,p,1,1,0.9999293
x,f,g,f,n,f,w,b,g,e,,s,s,w,w,p,w,t,p,w,n,g,0,0,0.0001716131
x,f,g,f,n,f,w,b,n,t,e,f,f,w,w,p,w,o,e,n,s,g,0,0,0.00011232243
x,y,g,t,n,f,c,b,w,t,b,s,s,p,p,p,w,o,p,n,v,d,0,0,0.0003558058
f,f,e,t,n,f,c,b,p,t,b,s,s,w,g,p,w,o,p,n,y,d,0,0,0.00010251723
x,f,g,f,n,f,w,b,w,e,,k,s,w,w,p,w,t,p,w,s,g,0,0,0.0007241405
f,y,n,t,n,f,c,b,u,t,b,s,s,p,g,p,w,o,p,k,v,d,0,0,0.000509773
x,y,y,f,f,f,c,b,p,e,b,k,k,b,n,p,w,o,l,h,y,d,1,1,0.99977595
f,y,g,t,n,f,c,b,w,e,b,s,s,w,w,p,w,t,p,w,y,p,0,0,0.0014593626
f,f,e,t,n,f,c,b,w,t,b,s,s,w,w,p,w,o,p,n,v,d,0,0,0.00043529994
x,y,n,t,n,f,c,b,p,t,b,s,s,g,p,p,w,o,p,n,y,d,0,0,8.446826e-05
f,y,n,f,f,f,c,n,b,t,,s,s,p,p,p,w,o,e,w,v,d,1,1,0.9997961
f,y,y,f,f,f,c,b,h,e,b,k,k,b,p,p,w,o,l,h,v,g,1,1,0.99989367
x,s,n,f,f,f,c,n,b,t,,s,k,p,p,p,w,o,e,w,v,p,1,1,0.9998815
x,y,g,f,f,f,c,b,g,e,b,k,k,p,n,p,w,o,l,h,y,d,1,1,0.99977595
f,f,n,f,n,f,w,b,h,t,e,f,f,w,w,p,w,o,e,n,s,g,0,0,0.000120784556
x,s,w,f,n,f,w,b,w,e,,s,k,w,w,p,w,t,p,w,s,g,0,0,0.00029106298
x,y,n,t,p,f,c,n,n,e,e,s,s,w,w,p,w,o,p,k,v,u,1,1,0.9986926
x,f,n,f,n,f,w,b,k,t,e,f,s,w,w,p,w,o,e,n,s,g,0,0,0.00011232243
k,y,c,f,m,f,c,b,w,e,c,k,y,c,c,p,w,n,n,w,c,d,1,1,0.99795747
f,y,n,t,p,f,c,n,n,e,e,s,s,w,w,p,w,o,p,n,v,u,1,1,0.9982374
f,f,n,t,n,f,c,b,n,t,b,s,s,w,p,p,w,o,p,n,y,d,0,0,0.00010251723
f,s,n,f,s,f,c,n,b,t,,k,k,w,w,p,w,o,e,w,v,p,1,1,0.9999193
x,f,g,t,n,f,c,b,w,t,b,s,s,g,p,p,w,o,p,n,v,d,0,0,0.00034508013
x,f,g,f,f,f,c,b,p,e,b,k,k,p,b,p,w,o,l,h,y,p,1,1,0.99977595
f,y,n,t,n,f,c,b,w,e,b,s,s,w,w,p,w,t,p,w,v,p,0,0,0.009947702
f,y,e,f,s,f,c,n,b,t,,k,s,w,w,p,w,o,e,w,v,p,1,1,0.9999192
f,s,n,f,n,a,c,b,y,e,,s,s,o,o,p,o,o,p,b,c,l,0,0,0.00010866684
b,s,w,t,a,f,c,b,w,e,c,s,s,w,w,p,w,o,p,k,n,g,0,0,0.0009829205
x,y,n,t,n,f,c,b,n,t,b,s,s,p,g,p,w,o,p,n,y,d,0,0,8.446826e-05
f,y,n,t,n,f,c,b,w,t,b,s,s,g,g,p,w,o,p,k,y,d,0,0,0.0001272415
f,s,e,f,s,f,c,n,b,t,,s,k,p,w,p,w,o,e,w,v,p,1,1,0.9998658
x,f,y,f,f,f,c,b,g,e,b,k,k,p,n,p,w,o,l,h,y,p,1,1,0.99977595
f,y,g,t,n,f,c,b,u,t,b,s,s,g,w,p,w,o,p,n,v,d,0,0,0.00041991982
f,s,w,t,p,f,c,n,p,e,e,s,s,w,w,p,w,o,p,k,s,u,1,1,0.99870336
f,f,n,t,n,f,c,b,n,t,b,s,s,g,g,p,w,o,p,n,v,d,0,0,0.0004007843
x,y,y,f,f,f,c,b,h,e,b,k,k,p,n,p,w,o,l,h,v,g,1,1,0.99989307
k,y,e,f,f,f,c,n,b,t,,s,k,p,w,p,w,o,e,w,v,l,1,1,0.9998822
k,y,e,f,f,f,c,n,b,t,,k,k,p,w,p,w,o,e,w,v,l,1,1,0.9999293
x,y,n,f,y,f,c,n,b,t,,s,k,p,p,p,w,o,e,w,v,l,1,1,0.99986494
f,s,n,t,p,f,c,n,n,e,e,s,s,w,w,p,w,o,p,n,s,g,1,1,0.9980082
k,y,n,f,s,f,c,n,b,t,,k,s,w,w,p,w,o,e,w,v,d,1,1,0.99990845
f,y,g,f,f,f,c,b,h,e,b,k,k,n,b,p,w,o,l,h,y,g,1,1,0.99977726
x,f,n,t,n,f,c,b,p,t,b,s,s,w,g,p,w,o,p,k,v,d,0,0,0.00039847475
f,s,n,t,p,f,c,n,p,e,e,s,s,w,w,p,w,o,p,k,v,g,1,1,0.9989028
x,s,n,f,n,f,w,b,n,t,e,f,s,w,w,p,w,o,e,k,a,g,0,0,0.00011730238
f,y,n,t,n,f,c,b,w,t,b,s,s,g,w,p,w,o,p,n,v,d,0,0,0.0004488285
x,s,n,t,n,f,c,b,e,e,,s,s,e,w,p,w,t,e,w,c,w,0,0,0.0010216006
x,f,w,f,n,f,w,b,n,t,e,s,f,w,w,p,w,o,e,n,a,g,0,0,0.00010820092
f,y,y,f,f,f,c,b,p,e,b,k,k,p,n,p,w,o,l,h,y,d,1,1,0.99977726
k,y,e,f,y,f,c,n,b,t,,s,k,w,p,p,w,o,e,w,v,d,1,1,0.99973696
k,y,n,f,f,f,c,n,b,t,,s,k,w,p,p,w,o,e,w,v,d,1,1,0.99979645
f,s,w,f,n,f,w,b,p,t,e,f,s,w,w,p,w,o,e,n,s,g,0,0,0.00015782511
f,f,g,t,n,f,c,b,w,t,b,s,s,g,w,p,w,o,p,n,y,d,0,0,0.00010957721
f,s,p,t,n,f,c,b,w,e,b,s,s,w,w,p,w,t,p,r,v,m,1,1,0.99126256
x,f,e,t,n,f,c,b,w,t,b,s,s,g,g,p,w,o,p,n,y,d,0,0,8.826487e-05
k,y,n,f,s,f,c,n,b,t,,s,k,w,p,p,w,o,e,w,v,d,1,1,0.99973696
f,y,e,t,n,f,c,b,u,t,b,s,s,p,w,p,w,o,p,n,v,d,0,0,0.00041991982
x,s,g,f,n,f,w,b,w,e,,k,s,w,w,p,w,t,p,w,n,g,0,0,0.0007405568
f,f,n,t,n,f,c,b,p,t,b,s,s,g,p,p,w,o,p,n,y,d,0,0,0.00010251723
f,f,n,f,n,f,w,b,k,t,e,s,s,w,w,p,w,o,e,n,s,g,0,0,7.3906194e-05
f,s,n,f,s,f,c,n,b,t,,k,k,w,p,p,w,o,e,w,v,p,1,1,0.9999193
f,f,g,f,n,f,w,b,h,t,e,f,s,w,w,p,w,o,e,k,a,g,0,0,0.00012590254
x,y,y,f,f,f,c,b,g,e,b,k,k,n,b,p,w,o,l,h,v,p,1,1,0.99989307
b,s,y,t,a,f,c,b,g,e,c,s,s,w,w,p,w,o,p,n,n,m,0,0,0.0006058857
x,y,g,t,n,f,c,b,n,t,b,s,s,p,p,p,w,o,p,n,y,d,0,0,8.446826e-05
f,s,e,f,f,f,c,n,b,t,,s,k,p,p,p,w,o,e,w,v,d,1,1,0.99979645
f,s,b,t,f,f,c,b,p,t,b,f,s,w,w,p,w,o,p,h,v,u,1,1,0.9994659
x,y,n,t,a,f,c,b,p,e,r,s,y,w,w,p,w,o,p,k,s,g,0,0,0.0009952674
x,y,e,t,n,f,c,b,u,t,b,s,s,g,p,p,w,o,p,k,v,d,0,0,0.00041085933
x,y,n,t,n,f,c,b,u,t,b,s,s,w,w,p,w,o,p,n,y,d,0,0,8.446826e-05
f,f,g,t,n,f,c,b,u,t,b,s,s,p,w,p,w,o,p,n,v,d,0,0,0.00040726224
k,s,n,f,s,f,c,n,b,t,,s,s,p,w,p,w,o,e,w,v,l,1,1,0.99986553
f,f,g,t,n,f,c,b,w,t,b,s,s,w,p,p,w,o,p,n,v,d,0,0,0.00042837625
x,f,e,t,n,f,c,b,n,t,b,s,s,w,w,p,w,o,p,n,y,d,0,0,8.381314e-05
f,s,n,f,n,f,w,b,p,t,e,s,s,w,w,p,w,o,e,k,s,g,0,0,7.764014e-05
f,s,g,t,f,f,c,b,p,t,b,s,s,w,w,p,w,o,p,h,s,g,1,1,0.99784744
